date,price,action,reward,portfolio_value,cash,shares
2025-06-27,1500.6,2,-0.0002,100000.0,100000.0,0.0
2025-06-30,1528.4,1,0.016312541301840584,101664.96268159404,4905.0,63.30801012928163
2025-07-01,1518.8,2,-0.0011522064944656618,101568.20271891245,101568.20271891245,0.0
2025-07-02,1517.8,0,0.0,101568.20271891245,101568.20271891245,0.0
2025-07-03,1527.3,2,-0.0002,101568.20271891245,101568.20271891245,0.0
2025-07-04,1541.5,0,0.0,101568.20271891245,101568.20271891245,0.0
2025-07-07,1537.6,2,-0.0002,101568.20271891245,101568.20271891245,0.0
2025-07-08,1519.0,2,-0.0002,101568.20271891245,101568.20271891245,0.0
2025-07-09,1517.2,2,-0.0002,101568.20271891245,101568.20271891245,0.0
2025-07-10,1495.2,2,-0.0002,101568.20271891245,101568.20271891245,0.0
2025-07-11,1483.7,2,-0.0002,101568.20271891245,101568.20271891245,0.0
2025-07-14,1485.4,0,0.0,101568.20271891245,101568.20271891245,0.0
2025-07-15,1485.6,1,-0.0010224264262964158,101484.70468512615,4981.9203433626535,64.95879398341647
2025-07-16,1476.4,1,-0.006106185307873483,100887.08378047873,4981.9203433626535,64.95879398341647
2025-07-17,1476.0,1,-0.0004575836591564997,100861.10026288536,4981.9203433626535,64.95879398341647
2025-07-18,1428.6,2,-0.0011510582398816741,100765.22108296584,100765.22108296584,0.0
2025-07-21,1412.8,1,-0.01172292449346236,99610.77511939837,4942.534094119488,67.00753186953489
2025-07-22,1424.6,1,0.0077064461105987,100401.46399545888,4942.534094119488,67.00753186953489
2025-07-23,1402.9,2,-0.0011512245612558768,100306.00506555753,100306.00506555753,0.0
2025-07-24,1391.7,1,-0.008770915266962049,99449.96456111768,4920.009548465605,67.92408925246251
2025-07-25,1387.6,0,-0.0028042183958604684,99171.47579518257,4920.009548465605,67.92408925246251
2025-07-28,1417.1,0,0.020003597027507418,101175.23642813021,4920.009548465605,67.92408925246251
2025-07-29,1410.1,1,-0.004910533686556367,100699.76780336298,4920.009548465605,67.92408925246251
2025-07-30,1390.2,0,-0.013513866532505154,99348.07842723899,4920.009548465605,67.92408925246251
2025-07-31,1393.7,0,0.002390084707645238,99585.8127396226,4920.009548465605,67.92408925246251
2025-08-01,1411.5,0,0.012067665364871966,100794.86152831644,4920.009548465605,67.92408925246251
2025-08-04,1391.7,2,-0.001151640559447666,100698.98667633659,100698.98667633659,0.0
2025-08-05,1392.8,0,0.0,100698.98667633659,100698.98667633659,0.0
2025-08-06,1389.4,0,0.0,100698.98667633659,100698.98667633659,0.0
2025-08-07,1367.8,0,0.0,100698.98667633659,100698.98667633659,0.0
2025-08-08,1386.2,1,0.011560222848800226,101890.22005608895,4939.2852964743215,69.94007701602555
2025-08-11,1380.4,0,-0.003989216060719659,101484.567609396,4939.2852964743215,69.94007701602555
2025-08-12,1382.6,0,0.001515024849965393,101638.43577883125,4939.2852964743215,69.94007701602555
2025-08-13,1373.8,2,-0.0011518562430353036,101541.7366283489,101541.7366283489,0.0
2025-08-14,1381.7,0,0.0,101541.7366283489,101541.7366283489,0.0
2025-08-18,1420.1,1,0.024933742680977127,104126.20311570339,4980.622181620507,69.81591502998585
2025-08-19,1413.0,0,-0.004771869265764134,103630.51011899051,4980.622181620507,69.81591502998585
2025-08-20,1424.8,1,0.007718232485627409,104454.33791634433,4980.622181620507,69.81591502998585
2025-08-21,1409.2,2,-0.001152771451173717,104354.8642006096,104354.8642006096,0.0
2025-08-22,1412.6,2,-0.0002,104354.8642006096,104354.8642006096,0.0
2025-08-25,1384.9,2,-0.0002,104354.8642006096,104354.8642006096,0.0
2025-08-26,1385.9,1,-0.0004640647558840715,104327.31139689145,5118.606089039909,71.58431727242336
2025-08-28,1357.2,2,-0.001151389473388953,104228.1026915836,104228.1026915836,0.0
2025-08-29,1353.9,2,-0.0002,104228.1026915836,104228.1026915836,0.0
2025-09-01,1366.5,1,0.007660153534940507,105050.57974483406,5112.388437022179,73.1344246672608
2025-09-02,1372.6,1,0.004037724269832373,105496.69973530436,5112.388437022179,73.1344246672608
2025-09-03,1359.3,2,-0.0011519928273006491,105396.31542400607,105396.31542400607,0.0
2025-09-04,1375.0,1,0.009772666648847591,106452.65625647205,5169.689271547497,73.66033962539967
2025-09-05,1378.5,0,0.00241891101912153,106710.46744516095,5169.689271547497,73.66033962539967
2025-09-08,1376.2,2,-0.0011520070715112262,106608.92666698733,106608.92666698733,0.0
2025-09-09,1377.0,1,-0.0005978338121967062,106566.52246674881,5229.167853015737,73.59285011890564
2025-09-10,1383.3,1,0.004141225567150465,107030.15742249791,5229.167853015737,73.59285011890564
2025-09-11,1395.0,1,0.007812614366142475,107891.1937688891,5229.167853015737,73.59285011890564
2025-09-12,1399.3,0,0.0029287476638379544,108207.6430244004,5229.167853015737,73.59285011890564
2025-09-15,1405.3,0,0.004072342883271396,108649.20012511384,5229.167853015737,73.59285011890564
2025-09-16,1413.8,1,0.005540910755923351,109274.73935112453,5229.167853015737,73.59285011890564
2025-09-17,1415.0,1,0.0006078331279866022,109363.05077126723,5229.167853015737,73.59285011890564
2025-09-18,1407.4,2,-0.0011526388579183307,109258.91688834898,109258.91688834898,0.0
2025-09-19,1390.6,2,-0.0002,109258.91688834898,109258.91688834898,0.0
2025-09-22,1389.8,1,-0.0016976475936404814,109095.40800429258,5359.149873373521,74.6411412655915
2025-09-23,1383.0,2,-0.0011513288551829048,108991.67174616166,108991.67174616166,0.0
2025-09-24,1372.4,2,-0.0002,108991.67174616166,108991.67174616166,0.0
2025-09-25,1377.6,1,0.002446029836977223,109280.44884951113,5346.0414991492435,75.44599836698744
2025-09-26,1372.8,0,-0.003319369274207817,108918.3080573496,5346.0414991492435,75.44599836698744
2025-09-29,1364.0,0,-0.006114275693986962,108254.38327172011,5346.0414991492435,75.44599836698744
2025-09-30,1368.7,0,0.003270229732377942,108608.97946404495,5346.0414991492435,75.44599836698744
2025-10-01,1363.4,0,-0.003688476687646051,108209.11567269992,5346.0414991492435,75.44599836698744
2025-10-03,1375.0,0,0.008055268070888359,109084.28925375697,5346.0414991492435,75.44599836698744
2025-10-06,1384.8,0,0.006755109606000913,109823.66003775345,5346.0414991492435,75.44599836698744
2025-10-07,1367.4,2,-0.0011517743804018508,109719.18241921485,109719.18241921485,0.0
2025-10-08,1377.8,1,0.006055782976100308,110407.71321690666,5381.725897662487,76.22730971058512
2025-10-09,1381.7,1,0.002489005829198403,110704.99972477795,5381.725897662487,76.22730971058512
2025-10-10,1375.0,1,-0.004824043077236448,110194.27674971703,5381.725897662487,76.22730971058512
2025-10-13,1375.9,1,0.0004223846987066474,110262.88132845655,5381.725897662487,76.22730971058512
2025-10-14,1374.3,0,-0.0011067296349756485,110140.9176329196,5381.725897662487,76.22730971058512
2025-10-15,1398.3,1,0.016273694791870373,111970.37306597366,5381.725897662487,76.22730971058512
2025-10-16,1416.8,0,0.012515799286142807,113380.57829561947,5381.725897662487,76.22730971058512
2025-10-17,1466.8,1,0.032863026320229416,117191.94378114873,5381.725897662487,76.22730971058512
2025-10-20,1465.2,1,-0.001241259326683588,117069.98008561181,5381.725897662487,76.22730971058512
2025-10-21,1448.4,2,-0.0011544852145635766,116958.29183142386,116958.29183142386,0.0
2025-10-23,1451.6,1,0.0009482082726131354,117092.66143703923,5736.8042143313505,76.71249464226226
2025-10-24,1484.1,1,0.02086865237415426,119585.81751291276,5736.8042143313505,76.71249464226226
2025-10-27,1486.9,1,0.001594546521558309,119800.6124979111,5736.8042143313505,76.71249464226226
2025-10-28,1504.2,1,0.010816881773302318,121127.73865522225,5736.8042143313505,76.71249464226226
2025-10-29,1488.5,2,-0.0011530924425016606,121012.34772078136,121012.34772078136,0.0
2025-10-30,1486.4,2,-0.0002,121012.34772078136,121012.34772078136,0.0
2025-10-31,1484.7,2,-0.0002,121012.34772078136,121012.34772078136,0.0
2025-11-03,1473.1,2,-0.0002,121012.34772078136,121012.34772078136,0.0
2025-11-04,1496.1,1,0.013587184279112033,122692.32170268547,5935.655655704322,78.04068314082024
2025-11-06,1478.0,2,-0.0011520747001872117,122575.5650366385,122575.5650366385,0.0
2025-11-07,1489.3,1,0.006093348777231576,123349.40829766716,6012.331465047129,78.78672989499768
2025-11-10,1493.4,1,0.002415362057348375,123672.43389023667,6012.331465047129,78.78672989499768
2025-11-11,1511.5,1,0.011264808686667892,125098.47370133612,6012.331465047129,78.78672989499768
2025-11-12,1510.9,1,-0.0005779500287640677,125051.20166339913,6012.331465047129,78.78672989499768
2025-11-13,1518.9,1,0.004827626424048847,125681.4955025591,6012.331465047129,78.78672989499768
2025-11-14,1518.3,1,-0.0005761964328278963,125634.2234646221,6012.331465047129,78.78672989499768
2025-11-17,1519.4,1,0.0004895853878978592,125720.88886750661,6012.331465047129,78.78672989499768
2025-11-18,1518.9,1,-0.0005133889550700122,125681.4955025591,6012.331465047129,78.78672989499768
2025-11-19,1549.1,0,0.018754685473106703,128060.85474538803,6012.331465047129,78.78672989499768
2025-11-20,1546.6,1,-0.0017392561233061119,127863.88792065052,6012.331465047129,78.78672989499768
2025-11-21,1535.9,2,-0.0011534330319387532,127742.03636419492,127742.03636419492,0.0
2025-11-24,1539.7,2,-0.0002,127742.03636419492,127742.03636419492,0.0
2025-11-25,1569.9,0,0.0,127742.03636419492,127742.03636419492,0.0
2025-11-26,1563.4,0,0.0,127742.03636419492,127742.03636419492,0.0
2025-11-27,1567.5,0,0.0,127742.03636419492,127742.03636419492,0.0
2025-11-28,1566.1,2,-0.0002,127742.03636419492,127742.03636419492,0.0
2025-12-01,1546.3,2,-0.0002,127742.03636419492,127742.03636419492,0.0
2025-12-02,1538.8,2,-0.0002,127742.03636419492,127742.03636419492,0.0
2025-12-03,1535.6,0,0.0,127742.03636419492,127742.03636419492,0.0
2025-12-04,1540.6,0,0.0,127742.03636419492,127742.03636419492,0.0
2025-12-05,1543.0,0,0.0,127742.03636419492,127742.03636419492,0.0
2025-12-08,1529.4,2,-0.0002,127742.03636419492,127742.03636419492,0.0
2025-12-09,1536.9,0,0.0,127742.03636419492,127742.03636419492,0.0
2025-12-10,1545.0,0,0.0,127742.03636419492,127742.03636419492,0.0
2025-12-11,1556.5,0,0.0,127742.03636419492,127742.03636419492,0.0
2025-12-12,1556.2,0,0.0,127742.03636419492,127742.03636419492,0.0
2025-12-15,1542.3,2,-0.0002,127742.03636419492,127742.03636419492,0.0
2025-12-16,1544.4,0,0.0,127742.03636419492,127742.03636419492,0.0
2025-12-17,1544.4,0,0.0,127742.03636419492,127742.03636419492,0.0
2025-12-18,1565.1,0,0.0,127742.03636419492,127742.03636419492,0.0
2025-12-19,1575.4,0,0.0,127742.03636419492,127742.03636419492,0.0
2025-12-22,1570.7,0,0.0,127742.03636419492,127742.03636419492,0.0
2025-12-23,1558.2,2,-0.0002,127742.03636419492,127742.03636419492,0.0
2025-12-24,1559.2,2,-0.0002,127742.03636419492,127742.03636419492,0.0
2025-12-26,1545.6,0,0.0,127742.03636419492,127742.03636419492,0.0
2025-12-29,1539.8,2,-0.0002,127742.03636419492,127742.03636419492,0.0
2025-12-30,1570.4,0,0.0,127742.03636419492,127742.03636419492,0.0
2025-12-31,1575.6,0,0.0,127742.03636419492,127742.03636419492,0.0
2026-01-01,1592.3,0,0.0,127742.03636419492,127742.03636419492,0.0
2026-01-02,1578.1,2,-0.0002,127742.03636419492,127742.03636419492,0.0
2026-01-05,1507.6,2,-0.0002,127742.03636419492,127742.03636419492,0.0
2026-01-06,1504.2,1,-0.0032972697024826513,127346.99691289625,6265.746883663756,80.49544610373121
2026-01-07,1470.6,2,-0.001151250138394098,127225.91566286702,127225.91566286702,0.0
2026-01-08,1475.3,1,0.0018840026677545605,127491.33127788102,6240.431163263638,82.18728401993994
2026-01-09,1483.2,1,0.004879810720190894,128140.61082163856,6240.431163263638,82.18728401993994
2026-01-12,1452.8,2,-0.0011517529025580084,128018.71064198019,128018.71064198019,0.0
2026-01-13,1458.8,0,0.0,128018.71064198019,128018.71064198019,0.0
2026-01-14,1457.9,1,-0.0017372791712412699,127822.0613357496,6279.317756989127,83.368367911901
2026-01-16,1413.6,2,-0.0011513269064489116,127700.51859217085,127700.51859217085,0.0
2026-01-19,1394.0,2,-0.0002,127700.51859217085,127700.51859217085,0.0
2026-01-20,1404.6,1,0.006054217898677887,128501.6881943599,6263.710436945985,87.02689574071901
2026-01-21,1402.5,1,-0.001623223041591837,128318.9317133044,6263.710436945985,87.02689574071901
2026-01-22,1386.1,0,-0.011184926053189602,126891.6906231566,6263.710436945985,87.02689574071901
2026-01-23,1380.5,0,-0.0038480762317001167,126404.34000700858,6263.710436945985,87.02689574071901
2026-01-27,1396.7,0,0.011091640281525456,127814.17571800823,6263.710436945985,87.02689574071901
2026-01-28,1391.0,0,-0.0038886015956028585,127318.12241228613,6263.710436945985,87.02689574071901
2026-01-29,1395.4,1,0.002803057686175422,127701.0407535453,6263.710436945985,87.02689574071901
2026-01-30,1390.4,0,-0.003413265179912622,127265.9062748417,6263.710436945985,87.02689574071901
2026-02-02,1437.1,1,0.03123506620567816,131330.06230593327,6263.710436945985,87.02689574071901
2026-02-03,1456.8,1,0.01276988571910049,133044.49215202546,6263.710436945985,87.02689574071901
2026-02-04,1443.4,2,-0.0011533744993752109,132917.71137031037,132917.71137031037,0.0
2026-02-05,1450.8,1,0.0037127798662262355,133438.80791844043,6519.613742713729,87.48221269349787
2026-02-06,1461.6,1,0.0068555094178363385,134383.6158155302,6519.613742713729,87.48221269349787
2026-02-09,1458.5,1,-0.0022201039451855416,134112.42095618037,6519.613742713729,87.48221269349787
2026-02-10,1468.7,1,0.006431474841350634,135004.73952565406,6519.613742713729,87.48221269349787
2026-02-11,1448.9,2,-0.0011521614221236432,134876.2543998711,134876.2543998711,0.0
2026-02-12,1419.6,2,-0.0002,134876.2543998711,134876.2543998711,0.0
2026-02-13,1437.1,1,0.010503557369107377,136327.66389211477,6615.680278313681,90.25953908134514
2026-02-16,1423.0,2,-0.0011519251467626336,136197.95190850098,136197.95190850098,0.0
2026-02-17,1441.3,1,0.01100414536330436,137732.51423642912,6680.509541111969,90.92625039569637
2026-02-18,1409.5,2,-0.0011519494562425435,137601.46223173384,137601.46223173384,0.0
2026-02-19,1419.4,1,0.005506267174514831,138388.8974600592,6749.351722466541,92.74309267126438
2026-02-20,1428.0,1,0.0055468553316503615,139186.48805703205,6749.351722466541,92.74309267126438
2026-02-23,1428.8,1,0.0003329159979341766,139260.6825311691,6749.351722466541,92.74309267126438
2026-02-24,1398.5,2,-0.0011519874020835042,139128.17120036035,139128.17120036035,0.0
2026-02-25,1406.8,1,0.004477228461783378,139780.42963429834,6824.236797377671,94.50966223835704
2026-02-26,1393.9,2,-0.0011516315400661426,139647.47344146142,139647.47344146142,0.0
2026-02-27,1358.0,2,-0.0002,139647.47344146142,139647.47344146142,0.0
2026-03-02,1345.0,0,0.0,139647.47344146142,139647.47344146142,0.0
2026-03-04,1389.4,1,0.02975735853125809,143894.2361705105,6849.708572303673,98.63576191032591
2026-03-05,1404.8,1,0.010300971358019308,145413.22690392952,6849.708572303673,98.63576191032591
2026-03-06,1424.0,1,0.012739542000905263,147307.03353260778,6849.708572303673,98.63576191032591
2026-03-09,1408.8,2,-0.0011539553356641943,147166.57620764748,147166.57620764748,0.0
2026-03-10,1390.2,2,-0.0002,147166.57620764748,147166.57620764748,0.0
2026-03-11,1392.2,2,-0.0002,147166.57620764748,147166.57620764748,0.0
2026-03-12,1380.7,0,0.0,147166.57620764748,147166.57620764748,0.0
2026-03-13,1395.1,1,0.008718132648749889,148484.896998072,7218.520562985097,101.25896095985014
2026-03-16,1397.6,1,0.0015034180633581218,148738.04440047164,7218.520562985097,101.25896095985014
2026-03-17,1408.1,1,0.00692283814665237,149801.26349055007,7218.520562985097,101.25896095985014
2026-03-18,1384.8,2,-0.0011522659470529625,149658.6807476225,149658.6807476225,0.0
2026-03-19,1414.4,1,0.01897123330112858,152555.50131996424,7340.758290670899,102.66879456256598
2026-03-20,1407.8,2,-0.001152334719286547,152410.28657693494,152410.28657693494,0.0
2026-03-23,1411.8,1,0.0015477189013293733,152676.88982144516,7475.724556598667,102.8482541895782
2026-03-24,1413.1,0,0.0008753402132543032,152810.5925518916,7475.724556598667,102.8482541895782
2026-03-25,1348.1,2,-0.0011515310545744627,152665.2576838963,152665.2576838963,0.0
2026-03-27,1343.9,1,-0.004117384028261458,152068.37910638112,7488.230889395112,107.58251969416327
2026-03-30,1369.2,0,0.017740478314654848,154790.21685464346,7488.230889395112,107.58251969416327
2026-04-01,1350.5,0,-0.013082099697026681,152778.4237363626,7488.230889395112,107.58251969416327
2026-04-02,1304.7,2,-0.0011514388067114516,152633.13354351564,152633.13354351564,0.0
2026-04-06,1304.6,0,0.0,152633.13354351564,152633.13354351564,0.0
2026-04-07,1347.8,1,0.029851805099377886,157289.65268647598,7486.65520030944,111.14631064413604
2026-04-08,1330.0,0,-0.012657869750604279,155311.24835701036,7486.65520030944,111.14631064413604
2026-04-09,1350.2,1,0.014152356334442487,157556.40383202193,7486.65520030944,111.14631064413604
2026-04-10,1315.1,0,-0.025072588691906476,153655.16832841272,7486.65520030944,111.14631064413604
2026-04-13,1344.1,1,0.02056013019204219,156878.41133709266,7486.65520030944,111.14631064413604
2026-04-15,1343.3,0,-0.000566950263653255,156789.49428857738,7486.65520030944,111.14631064413604
2026-04-16,1365.0,1,0.015065769100401059,159201.36922955513,7486.65520030944,111.14631064413604
2026-04-17,1363.3,0,-0.0011875585307656708,159012.4205014601,7486.65520030944,111.14631064413604
2026-04-20,1353.3,2,-0.001153372110930065,158860.89473615892,158860.89473615892,0.0
2026-04-21,1362.1,1,0.00501387615060046,159691.33880147344,7792.1268868086045,111.5183994674876
2026-04-22,1343.4,0,-0.013144922480875744,157605.94473143146,7792.1268868086045,111.5183994674876
2026-04-23,1327.8,0,-0.011099579988582792,155866.25769973863,7792.1268868086045,111.5183994674876
2026-04-24,1365.8,1,0.02662501764634215,160103.95687950315,7792.1268868086045,111.5183994674876
2026-04-27,1388.9,0,0.01596194242651529,162680.03190720215,7792.1268868086045,111.5183994674876
2026-04-28,1425.4,0,0.024713127185083363,166750.45348776542,7792.1268868086045,111.5183994674876
2026-04-29,1430.8,0,0.003604875248676839,167352.65284488985,7792.1268868086045,111.5183994674876
2026-04-30,1463.1,0,0.021295312834383292,170954.6971476897,7792.1268868086045,111.5183994674876
2026-05-04,1463.6,0,0.0003261104218251377,171010.45634742343,7792.1268868086045,111.5183994674876
2026-05-05,1437.9,2,-0.0011548905556489019,170847.2380179628,170847.2380179628,0.0
2026-05-06,1436.2,0,0.0,170847.2380179628,170847.2380179628,0.0
2026-05-07,1435.2,0,0.0,170847.2380179628,170847.2380179628,0.0
2026-05-08,1388.2,2,-0.0002,170847.2380179628,170847.2380179628,0.0
2026-05-11,1364.0,2,-0.0002,170847.2380179628,170847.2380179628,0.0
2026-05-12,1358.8,0,0.0,170847.2380179628,170847.2380179628,0.0
2026-05-13,1361.8,0,0.0,170847.2380179628,170847.2380179628,0.0
2026-05-14,1336.4,0,0.0,170847.2380179628,170847.2380179628,0.0
2026-05-15,1335.9,0,0.0,170847.2380179628,170847.2380179628,0.0
2026-05-18,1322.7,0,0.0,170847.2380179628,170847.2380179628,0.0
2026-05-19,1359.7,1,0.025101628164125252,175225.10129511662,8380.057024781097,122.70724738569943
2026-05-20,1349.6,0,-0.007097994627566366,173985.75809652105,8380.057024781097,122.70724738569943
2026-05-21,1354.5,1,0.003249874115730332,174587.02360871097,8380.057024781097,122.70724738569943
2026-05-22,1367.0,1,0.008547167802677062,176120.8642010322,8380.057024781097,122.70724738569943
2026-05-25,1356.3,0,-0.0074828501958251695,174807.89665400522,8380.057024781097,122.70724738569943
2026-05-26,1350.5,0,-0.004079648474987268,174096.19461916818,8380.057024781097,122.70724738569943
2026-05-27,1321.2,0,-0.020867576424170333,170500.8722707672,8380.057024781097,122.70724738569943
2026-05-29,1320.0,0,-0.0008639974406553598,170353.62357390436,8380.057024781097,122.70724738569943
2026-06-01,1314.6,0,-0.003897253007310404,169691.00443802157,8380.057024781097,122.70724738569943
2026-06-02,1313.2,0,-0.001012883171211079,169519.2142916816,8380.057024781097,122.70724738569943
2026-06-03,1303.7,0,-0.006900370713974031,168353.49544151744,8380.057024781097,122.70724738569943
2026-06-04,1291.0,0,-0.009299715004161555,166795.11339971906,8380.057024781097,122.70724738569943
2026-06-05,1263.3,0,-0.020588740396090086,163396.1226471352,8380.057024781097,122.70724738569943
2026-06-08,1269.2,1,0.004225697907278691,164120.86709222727,8169.595881464328,122.87367728550498
2026-06-09,1258.8,0,-0.007816721992377174,162842.980848458,8169.595881464328,122.87367728550498
2026-06-10,1263.0,2,-0.0011502828278579546,162688.30746349102,162688.30746349102,0.0
2026-06-11,1293.0,0,0.0,162688.30746349102,162688.30746349102,0.0
2026-06-12,1307.0,0,0.0,162688.30746349102,162688.30746349102,0.0
2026-06-15,1328.8,1,0.014585599887543757,165111.62262080307,7979.8614810842555,118.25087382579683
2026-06-16,1332.7,0,0.0027892375565942225,165572.80102872368,7979.8614810842555,118.25087382579683
2026-06-17,1328.1,1,-0.003490694487974981,165028.84700912502,7979.8614810842555,118.25087382579683
2026-06-18,1309.5,1,-0.013617380218457877,162829.3807559652,7979.8614810842555,118.25087382579683
2026-06-19,1326.5,1,0.012070247812048353,164839.64561100374,7979.8614810842555,118.25087382579683
2026-06-22,1309.5,2,-0.001152043205638093,164682.78582687382,164682.78582687382,0.0
2026-06-23,1313.6,0,0.0,164682.78582687382,164682.78582687382,0.0
2026-06-24,1318.1,1,0.0021017642541233854,165062.28336594265,8077.690644808143,119.09915235652417
2026-06-25,1301.0,1,-0.012615094992756372,163025.68786064608,8077.690644808143,119.09915235652417
2026-06-29,1293.9,2,-0.0011509033896044672,162870.73986343024,162870.73986343024,0.0
2026-06-30,1308.0,1,0.009158495265397092,164402.1194388818,7988.809790301253,119.58204101573438
2026-07-01,1303.5,0,-0.0032785574526617645,163864.00025431102,7988.809790301253,119.58204101573438
2026-07-02,1304.0,1,0.00016481542458971027,163923.79127481888,7988.809790301253,119.58204101573438
2026-07-03,1321.3,1,0.01234133912069893,165992.5605843911,7988.809790301253,119.58204101573438
2026-07-06,1308.4,2,-0.001152325801248685,165834.556833597,165834.556833597,0.0
2026-07-07,1275.9,2,-0.0002,165834.556833597,165834.556833597,0.0
2026-07-08,1279.8,2,-0.0002,165834.556833597,165834.556833597,0.0
2026-07-09,1307.8,1,0.01944035685432453,169123.80194941963,8134.185012687929,123.09956945766302
2026-07-10,1296.9,0,-0.007965385739464956,167782.01664233112,8134.185012687929,123.09956945766302
2026-07-13,1293.0,0,-0.0028654828534795014,167301.9283214462,8134.185012687929,123.09956945766302
2026-07-14,1295.5,0,0.0018377924511846346,167609.67724509037,8134.185012687929,123.09956945766302
2026-07-15,1296.6,2,-0.0011519224131030347,167450.20175285797,167450.20175285797,0.0
2026-07-16,1327.2,1,0.02104293841712429,171045.38702969163,8213.432395977696,122.6883323038833
2026-07-17,1323.1,0,-0.002945202357301902,170542.3648672457,8213.432395977696,122.6883323038833
2026-07-20,1303.7,0,-0.014054683607707168,168162.21122055035,8213.432395977696,122.6883323038833
2026-07-21,1288.6,2,-0.0011516103183202948,168002.2624417258,168002.2624417258,0.0
2026-07-22,1272.2,2,-0.0002,168002.2624417258,168002.2624417258,0.0
2026-07-23,1278.0,0,0.0,168002.2624417258,168002.2624417258,0.0
2026-07-24,1280.0,0,0.0,168002.2624417258,168002.2624417258,0.0
2026-07-27,1267.7,2,-0.0002,168002.2624417258,168002.2624417258,0.0
2026-07-28,1275.9,0,0.0,168002.2624417258,168002.2624417258,0.0
2026-07-29,1292.9,0,0.0,168002.2624417258,168002.2624417258,0.0
2026-07-30,1307.8,0,0.0,168002.2624417258,168002.2624417258,0.0
2026-07-31,1319.0,0,0.0,168002.2624417258,168002.2624417258,0.0
2026-08-03,1290.9,0,0.0,168002.2624417258,168002.2624417258,0.0
2026-08-04,1280.0,0,0.0,168002.2624417258,168002.2624417258,0.0
2026-08-05,1325.0,1,0.03173310513872175,173453.67335442474,8240.510972766671,124.68917915596835
2026-08-06,1334.8,0,0.007020144364730846,174675.6273101532,8240.510972766671,124.68917915596835
2026-08-07,1327.3,0,-0.0053681280948813925,173740.45846648345,8240.510972766671,124.68917915596835
2026-08-10,1323.9,0,-0.0024430767977061418,173316.51525735317,8240.510972766671,124.68917915596835
2026-08-11,1329.0,0,0.003662380601809182,173952.4300710486,8240.510972766671,124.68917915596835
2026-08-12,1317.0,0,-0.008638812653767433,172456.159921177,8240.510972766671,124.68917915596835
2026-08-13,1310.0,0,-0.0050739879454595556,171583.3356670852,8240.510972766671,124.68917915596835
2026-08-14,1316.0,0,0.004350706867470133,172331.47074202102,8240.510972766671,124.68917915596835
2026-08-17,1322.0,0,0.0043318601840187055,173079.6058169568,8240.510972766671,124.68917915596835
2026-08-18,1311.0,0,-0.00795613347941887,171708.02484624117,8240.510972766671,124.68917915596835
2026-08-19,1313.2,0,0.0015962987597037796,171982.34104038432,8240.510972766671,124.68917915596835
2026-08-20,1316.0,0,0.002027974535696133,172331.47074202102,8240.510972766671,124.68917915596835
2026-08-21,1309.8,0,-0.004496056928046342,171558.397831254,8240.510972766671,124.68917915596835
2026-08-24,1317.0,0,0.005219338006035703,172456.159921177,8240.510972766671,124.68917915596835
2026-08-25,1298.0,0,-0.013832602739105831,170087.06551721357,8240.510972766671,124.68917915596835
2026-08-26,1282.2,0,-0.011650430330193754,168116.9764865493,8240.510972766671,124.68917915596835
2026-08-27,1287.0,0,0.0035537470943189436,168715.48454649793,8240.510972766671,124.68917915596835
