trade_date,open,high,low,close,volume,symbol
2022-11-14,162.17803553997305,168.1113783036306,154.0691367808286,161.2880401611328,2787600,VITAL
2022-11-15,157.23358952225925,160.1013659369566,153.22857997883796,153.37692260742188,436800,VITAL
2022-11-16,147.34467370952805,151.20134034138468,145.71301053972803,146.55355834960938,291600,VITAL
2022-11-17,143.38911316647943,146.3557844733721,139.2357763546838,139.8291015625,339600,VITAL
2022-11-18,141.41133142676415,146.80078125,140.52133607587032,146.80078125,73200,VITAL
2022-11-21,154.1185760498047,154.1185760498047,149.32245153755915,154.1185760498047,157200,VITAL
2022-11-22,154.26690293719378,158.22246455096797,149.9652236465063,156.1952362060547,196800,VITAL
2022-11-23,158.12357481791966,159.11246525477787,152.536349885379,152.93190002441406,68400,VITAL
2022-11-24,156.04691705494267,156.04691705494267,150.01467923453063,152.83302307128906,92400,VITAL
2022-11-25,152.8330256236209,160.44747924804688,152.3880279286146,160.44747924804688,222000,VITAL
2022-11-28,166.03469861626536,170.08915545050303,161.1891415025116,163.46359252929688,296400,VITAL
2022-11-29,161.93080262785085,165.1446964204647,154.51412464489584,155.4535675048828,157200,VITAL
2022-11-30,156.2446878259189,160.05192201434727,149.32245482097312,151.94300842285156,103200,VITAL
2022-12-01,152.48689875190504,152.78356889382476,140.96633146972925,144.822998046875,146400,VITAL
2022-12-02,145.36689571726183,154.66245988388184,145.36689571726183,149.02578735351562,127200,VITAL
2022-12-05,150.31133319332656,152.14078637645304,148.43244756411767,149.5202178955078,39600,VITAL
2022-12-06,150.80579830927522,151.3002435496335,146.60301376622985,148.0863494873047,64800,VITAL
2022-12-07,148.33356386308287,148.33356386308287,139.13687988571763,141.1641082763672,115200,VITAL
2022-12-08,141.1641093915229,144.87244851739482,136.96132504886813,139.58187866210938,79200,VITAL
2022-12-09,139.43355815727142,142.84522730709506,139.43355815727142,140.3730010986328,27600,VITAL
2022-12-12,138.44466600199402,141.8563351106175,136.86243521197707,138.88966369628906,62400,VITAL
2022-12-13,137.4557755305512,141.80688756919113,137.4557755305512,138.88966369628906,69600,VITAL
2022-12-14,138.44466400574797,139.03800431576667,134.73632479130828,137.1591033935547,68400,VITAL
2022-12-15,137.35687246911945,147.19634415985195,136.46687713222607,142.25189208984375,150000,VITAL
2022-12-16,140.62022425502207,142.84522785111187,136.466887226842,138.0491180419922,38400,VITAL
2022-12-19,138.44465796022936,143.7846601601301,138.44465796022936,142.25189208984375,150000,VITAL
2022-12-20,143.19134681739007,143.19134681739007,134.73633005999136,136.46688842773438,117600,VITAL
2022-12-21,136.71411010254923,136.71411010254923,127.07242783491918,127.51742553710938,295200,VITAL
2022-12-22,131.5224329468518,131.5224329468518,118.666856794152,128.3579864501953,177600,VITAL
2022-12-23,128.5557615960149,128.5557615960149,118.76574439631435,119.11185455322266,45600,VITAL
2022-12-26,118.66685724366869,125.44075550240099,116.68907628960754,123.46297454833984,30000,VITAL
2022-12-27,121.63352317489272,123.61130403952511,119.26018462840678,121.33685302734375,16800,VITAL
2022-12-28,122.72129969552154,127.566864265704,120.94130146510678,126.52852630615234,34800,VITAL
2022-12-29,126.52852840416722,126.52852840416722,120.6446333215053,121.831298828125,36000,VITAL
2022-12-30,123.85852844471614,127.41854008841626,123.85852844471614,126.67687225341797,27600,VITAL
2023-01-02,126.97352103067513,128.5063041649847,123.61129971415804,125.34185791015625,58800,VITAL
2023-01-03,125.29241510820135,125.58908525658282,122.96852409466408,124.15519714355469,19200,VITAL
2023-01-04,125.5890852060979,128.25908636191676,120.64463303262949,121.58407592773438,44400,VITAL
2023-01-05,121.93018718694915,123.11685262816182,121.93018718694915,122.57295989990234,9600,VITAL
2023-01-06,122.869638916061,123.11686152957421,120.64463539444219,120.9907455444336,22800,VITAL
2023-01-09,121.73241046980789,122.22685568499365,119.7051896143274,119.8040771484375,33600,VITAL
2023-01-10,119.65574618929458,121.08963434478316,117.9746354177124,118.12296295166016,49200,VITAL
2023-01-11,116.73851712953801,118.6668504311908,116.3923994467389,117.52962493896484,28800,VITAL
2023-01-12,117.2329667133803,120.15019054412842,117.2329667133803,118.66685485839844,37200,VITAL
2023-01-13,118.66684962518302,124.10574689967058,118.66684962518302,123.21574401855469,22800,VITAL
2023-01-16,126.38019758995587,127.5668630657366,124.6001918316497,125.53963470458984,22800,VITAL
2023-01-17,123.61130345938291,126.82519734932687,123.01797071170492,124.69908142089844,15600,VITAL
2023-01-18,123.66074982520244,123.80907735223805,122.62241186814234,123.71018981933594,30000,VITAL
2023-01-19,123.61130733406958,123.61130733406958,120.64463595805191,122.770751953125,16800,VITAL
2023-01-20,121.58407449468542,123.61130287976769,121.58407449468542,121.6335220336914,14400,VITAL
2023-01-23,121.48518696130866,122.27630231759323,120.5951840716473,121.6335220336914,16800,VITAL
2023-01-24,124.30351960717987,124.30351960717987,121.78185362724776,122.52352142333984,4800,VITAL
2023-01-25,122.52352427996348,122.52352427996348,119.655740559285,119.853515625,19200,VITAL
2023-01-27,118.71629801197187,118.71629801197187,114.71128879065111,116.24407196044922,30000,VITAL
2023-01-30,112.23906759337667,112.23906759337667,104.82238911804342,106.05850219726562,56400,VITAL
2023-01-31,103.88294811533132,108.58017790317535,97.90015768348624,107.7890625,109200,VITAL
2023-02-01,105.91016796535675,111.00295540138528,105.91016796535675,106.8001708984375,39600,VITAL
2023-02-02,108.6790583359254,108.6790583359254,103.83349378375641,105.71238708496094,30000,VITAL
2023-02-03,103.88294544324233,103.88294544324233,100.86682653393234,102.74571990966797,15600,VITAL
2023-02-06,102.74571517365644,102.84460270579268,100.12515407655297,101.36126708984375,19200,VITAL
2023-02-07,100.86682103852914,103.19071197509766,100.86682103852914,103.19071197509766,27600,VITAL
2023-02-08,102.89405682633522,107.29461641730117,101.85571881089419,107.04739379882812,34800,VITAL
2023-02-09,104.92127819050788,107.59128700747279,104.0807227932661,104.72350311279297,14400,VITAL
2023-02-10,102.44904792593404,107.73961026330531,102.44904792593404,106.40460968017578,87600,VITAL
2023-02-13,104.82238006591797,105.81127044389832,103.93237721680867,104.82238006591797,13200,VITAL
2023-02-14,103.04237926518432,104.82238504800452,102.59738159179688,102.59738159179688,18000,VITAL
2023-02-15,104.82238798092992,105.31683320725506,103.78404998779297,103.78404998779297,13200,VITAL
2023-02-16,101.36127139665393,103.83349752827964,101.36127139665393,103.78404998779297,25200,VITAL
2023-02-17,102.35015696020115,102.69626709316853,101.65793669426637,102.15238189697266,16800,VITAL
2023-02-20,102.59738668432377,102.59738668432377,99.87793788064289,100.37238311767578,88800,VITAL
2023-02-21,99.8779355948937,102.35016172348018,98.09792976445728,99.68016052246094,44400,VITAL
2023-02-22,97.90014718324103,98.88903755882932,94.09292074615306,94.78514099121094,38400,VITAL
2023-02-23,94.78514310968806,97.75181430275896,90.2362487892397,95.23014831542969,81600,VITAL
2023-02-24,95.52681410205821,97.90015264479855,92.06569759441382,92.80736541748047,74400,VITAL
2023-02-27,92.80736428038225,95.92237060802343,87.02235684026869,93.10403442382812,343200,VITAL
2023-02-28,91.96681680430308,95.42793356575534,91.96681680430308,92.06570434570312,20400,VITAL
2023-03-01,92.06569355198513,94.43903199051672,92.06569355198513,93.20291900634766,15600,VITAL
2023-03-02,93.94458856432816,93.94458856432816,90.18680200390101,92.11514282226562,31200,VITAL
2023-03-03,93.35126259007343,94.29070552589597,92.46125965134725,92.6590347290039,24000,VITAL
2023-03-06,92.95570172240814,95.42792783204665,92.11514635405811,92.51070404052734,37200,VITAL
2023-03-08,93.94458972385864,94.93348014200453,91.81847381591797,91.81847381591797,44400,VITAL
2023-03-09,92.41180865319558,92.41180865319558,90.0879176267886,90.97792053222656,88800,VITAL
2023-03-10,91.32402527117974,91.32402527117974,89.00013438234546,89.0990219116211,21600,VITAL
2023-03-13,87.76402139615509,90.08791228476011,87.66513386688922,87.81346893310547,33600,VITAL
2023-03-14,87.02235578054405,87.02235578054405,81.0890133409615,82.0779037475586,82800,VITAL
2023-03-15,86.52790980114167,86.52790980114167,76.14456062500467,77.7267837524414,105600,VITAL
2023-03-16,83.95679827957349,87.02235707675958,79.30900877255637,84.35235595703125,135600,VITAL
2023-03-17,87.02236061534663,87.02236061534663,84.35235938704814,86.0334701538086,128400,VITAL
2023-03-20,83.11624496446181,84.0062403297285,77.67734751405916,80.94068145751953,56400,VITAL
2023-03-21,82.52290086423483,85.98401726432243,81.68234553314055,84.15457153320312,73200,VITAL
2023-03-22,84.45124075956522,85.63790620893333,81.48456959151001,82.12734985351562,48000,VITAL
2023-03-23,82.0779045878711,82.81957240041211,80.49568143004399,81.53401184082031,32400,VITAL
2023-03-24,82.57234598744795,84.69846179425531,79.65512241053574,82.17678833007812,195600,VITAL
2023-03-27,81.58346300927279,83.80846654588932,78.12234639675818,79.35845947265625,120000,VITAL
2023-03-28,80.10012191187766,80.10012191187766,76.19400787353516,76.19400787353516,43200,VITAL
2023-03-29,77.03456639327354,77.18290146744644,75.15567305789901,76.34233856201172,200400,VITAL
2023-03-31,77.13345662805773,77.62790186285297,75.2051232302105,75.99623107910156,109200,VITAL
2023-04-03,78.12234381209942,87.91236055823892,76.29289802922413,87.41791534423828,150000,VITAL
2023-04-05,90.1373693515734,99.72960405257452,90.1373693515734,93.40070343017578,67200,VITAL
2023-04-06,94.93347840797244,94.93347840797244,93.45014280784787,94.19181060791016,31200,VITAL
2023-04-10,97.85070421522094,97.85070421522094,94.93348048888531,95.92237091064453,42000,VITAL
2023-04-11,96.41682323396515,96.91126848131881,94.93348749190415,95.42793273925781,19200,VITAL
2023-04-12,96.5651517668389,96.5651517668389,91.96680976943985,92.56014251708984,26400,VITAL
2023-04-13,92.56014023324005,94.93347870991492,92.21403010103715,94.43903350830078,16800,VITAL
2023-04-17,94.78514776405258,95.72459821477048,94.78514776405258,95.32904052734375,7200,VITAL
2023-04-18,95.67515066449941,97.8507066281636,94.0434799194336,94.0434799194336,14400,VITAL
2023-04-19,95.87292759004296,95.87292759004296,92.95570373535156,92.95570373535156,75600,VITAL
2023-04-20,95.37847515045192,95.42792268783327,93.15347177172006,93.45014190673828,7200,VITAL
2023-04-21,90.0384738776263,93.94458793715945,90.0384738776263,92.90625,15600,VITAL
2023-04-24,90.58236563886922,96.81237862431206,90.58236563886922,94.73571014404297,18000,VITAL
2023-04-25,97.4057093259996,97.4057093259996,93.0051498413086,93.0051498413086,24000,VITAL
2023-04-26,94.83458943597492,94.93347696555372,92.11514087706583,94.24125671386719,18000,VITAL
2023-04-27,94.24126230379905,95.77403796477455,91.22514343261719,91.22514343261719,18000,VITAL
2023-04-28,93.35125497829378,94.63680796751042,92.95569731059827,93.94458770751953,24000,VITAL
2023-05-02,93.94458807671464,95.92236887832969,93.94458807671464,95.47737121582031,7200,VITAL
2023-05-03,95.18070157175353,95.18070157175353,92.11514282226562,92.11514282226562,6000,VITAL
2023-05-04,92.90625619423388,93.20292635166899,92.90625619423388,92.95570373535156,4800,VITAL
2023-05-05,92.90625619423388,93.69737158430384,89.98903233954248,92.95570373535156,22800,VITAL
2023-05-08,93.45014658357563,93.94459180359455,92.36236860846107,93.54903411865234,13200,VITAL
2023-05-09,93.15347441797901,93.15347441797901,92.21403153812562,93.10403442382812,7200,VITAL
2023-05-10,92.11514395077963,92.21403148365813,89.04958516373519,89.24736022949219,25200,VITAL
2023-05-11,89.24736532298002,89.24736532298002,87.0223617553711,87.0223617553711,6000,VITAL
2023-05-12,87.5168076775346,90.48347912423068,87.5168076775346,90.33514404296875,16800,VITAL
2023-05-15,92.16458720654519,92.21403474705193,91.96681213378906,91.96681213378906,7200,VITAL
2023-05-16,91.9668068607843,110.36016672401416,91.9668068607843,110.16239166259766,290400,VITAL
2023-05-17,112.14017952239502,127.56686916875981,108.77795045398123,122.770751953125,266400,VITAL
2023-05-18,120.19963042833974,127.56686084699847,120.05129536028834,121.23796081542969,104400,VITAL
2023-05-19,124.55075170058666,126.0835349472109,113.92017914621397,116.04629516601562,56400,VITAL
2023-05-22,114.01906679438305,119.40851648756184,111.39850571036669,117.33184814453125,79200,VITAL
2023-05-23,99.97682100726124,126.47908756056385,93.89514335120701,123.66075134277344,802800,VITAL
2023-05-24,124.50130262805368,124.50130262805368,115.2551789148692,116.59017944335938,112800,VITAL
2023-05-25,115.94740006763251,120.34795935511721,115.70017746620898,117.33184814453125,58800,VITAL
2023-05-26,117.03518150712713,117.87573686819287,114.85962556735286,116.44184875488281,32400,VITAL
2023-05-29,117.62851696041552,117.62851696041552,114.46407051269203,114.8101806640625,20400,VITAL
2023-05-30,114.71128542727836,116.14517347726536,112.23905944824219,112.23905944824219,43200,VITAL
2023-05-31,114.26629168240025,114.26629168240025,108.82739434224443,110.31072998046875,43200,VITAL
2023-06-01,108.77795294565865,110.70628636638654,107.34406476559286,109.07462310791016,26400,VITAL
2023-06-02,109.71739504348345,118.6174093071341,109.71739504348345,113.72240447998047,55200,VITAL
2023-06-05,109.07461585460823,118.56796233509951,109.07461585460823,115.74962615966797,74400,VITAL
2023-06-06,115.70018031559572,117.33185103410167,113.8212869895778,114.6618423461914,19200,VITAL
2023-06-07,114.8101824921662,114.8101824921662,112.14018123092524,113.72240447998047,10800,VITAL
2023-06-08,111.69517113319961,111.74461867259025,109.32184013515366,110.80517578125,8400,VITAL
2023-06-09,109.3218365743439,112.18961269434664,107.8385009765625,107.8385009765625,57600,VITAL
2023-06-12,107.88794716917064,109.02517270174404,105.86072626249545,106.6023941040039,19200,VITAL
2023-06-13,108.7285065591166,110.70628754278137,107.93739869243211,108.7779541015625,15600,VITAL
2023-06-14,108.77794613175969,108.77794613175969,106.10794501728874,107.24516296386719,27600,VITAL
2023-06-15,109.07462142037964,109.37128403340574,106.30572509765625,106.30572509765625,26400,VITAL
2023-06-16,106.50349987569288,107.88794803318976,106.50349987569288,107.34406280517578,21600,VITAL
2023-06-19,107.34406012358937,107.39350011873621,105.81127692596658,106.40460968017578,27600,VITAL
2023-06-20,105.86072003475134,106.60238783262777,104.87182963758275,105.26737976074219,19200,VITAL
2023-06-21,105.81127311809415,105.81127311809415,104.32793751363488,104.47627258300781,25200,VITAL
2023-06-22,104.72349946580687,114.71129143529798,104.72349946580687,109.47016906738281,74400,VITAL
2023-06-23,116.63962168943343,116.63962168943343,109.76683630783307,110.8546142578125,81600,VITAL
2023-06-26,111.00294692367815,111.2501695226173,106.80016274171261,107.59127807617188,37200,VITAL
2023-06-27,107.83850354770044,110.65683974175427,105.81127516454436,107.49238586425781,32400,VITAL
2023-06-28,107.78906050817672,107.78906050817672,105.81127958142119,106.05850219726562,20400,VITAL
2023-06-30,107.19571808515323,109.76683154945678,106.94849549157337,108.18460845947266,37200,VITAL
2023-07-03,109.1240634643979,109.76684378830159,105.31683660769475,106.75072479248047,50400,VITAL
2023-07-04,106.70128134989254,106.70128134989254,102.84460707562936,103.78404998779297,112800,VITAL
2023-07-05,104.5257097461057,108.13516112814953,103.83348950062215,107.14627075195312,61200,VITAL
2023-07-06,107.54183492237505,107.78905753139199,104.92127375786826,107.44294738769531,38400,VITAL
2023-07-07,108.62961075987305,108.62961075987305,105.71238704861504,106.99794006347656,49200,VITAL
2023-07-10,105.16849636688522,107.78905753139199,105.16849636688522,107.44294738769531,43200,VITAL
2023-07-11,105.31682849220013,106.80016410476632,105.2179409602894,106.25627136230469,22800,VITAL
2023-07-12,104.87183412019806,106.50349730956164,100.86682482262216,101.26238250732422,58800,VITAL
2023-07-13,103.24015830438101,103.83349102991066,100.07570452716467,100.91626739501953,42000,VITAL
2023-07-14,100.66904711523466,101.60848999023438,98.93848889155672,101.60848999023438,22800,VITAL
2023-07-17,101.85571229516006,103.78404557803964,99.38348626857851,101.36126708984375,25200,VITAL
2023-07-18,102.99293897472377,102.99293897472377,98.88904221391908,102.35015869140625,28800,VITAL
2023-07-19,101.85571169385723,102.84460209865196,100.37237608666513,100.8668212890625,12000,VITAL
2023-07-20,101.11404806194884,101.11404806194884,97.1584862795743,97.90015411376953,46800,VITAL
2023-07-21,98.88903829840517,98.88903829840517,97.15848012818309,97.85070037841797,27600,VITAL
2023-07-24,98.93849296857152,100.81737879599525,97.60348481958513,99.92738342285156,18000,VITAL
2023-07-25,98.88904428129428,101.36127038832663,98.88904428129428,98.93849182128906,4800,VITAL
2023-07-26,100.91627059301062,115.50240431896417,100.86682305405164,107.49238586425781,370800,VITAL
2023-07-27,107.88794262811675,110.70627879829674,103.58627083735414,104.17960357666016,57600,VITAL
2023-07-28,106.2562737835106,110.11294797298974,103.73460771146922,104.37738800048828,56400,VITAL
2023-07-31,102.15238273553005,103.63571835582545,99.97681929898242,101.60848999023438,36000,VITAL
2023-08-01,101.46015754994876,109.76683874790659,101.46015754994876,105.11905670166016,135600,VITAL
2023-08-02,104.82237883068267,107.78904992966424,103.83348846435547,103.83348846435547,39600,VITAL
2023-08-03,103.83350020506734,106.25627885866466,103.09183234645971,103.43794250488281,28800,VITAL
2023-08-04,104.32794013390175,105.81127577561598,102.00404913747647,102.8446044921875,36000,VITAL
2023-08-07,103.53682358067447,105.81127455628034,101.41071522109283,101.855712890625,116400,VITAL
2023-08-08,102.15238743549251,102.30071496863842,101.26238451343983,101.70738220214844,16800,VITAL
2023-08-09,101.8557140975412,104.22905263398376,99.97682077516436,104.13016510009766,21600,VITAL
2023-08-10,104.5751636060834,104.82238621508122,101.11404708011372,102.30071258544922,88800,VITAL
2023-08-11,101.46015893299189,106.30572365990535,101.41071893714062,103.78404998779297,44400,VITAL
2023-08-14,105.76182823637143,105.76182823637143,102.05348913208582,102.8446044921875,25200,VITAL
2023-08-16,102.64683200295347,103.78404998779297,102.3996093897909,103.78404998779297,10800,VITAL
2023-08-17,101.85571496911085,101.85571496911085,101.0151596069336,101.0151596069336,9600,VITAL
2023-08-18,102.84460209865196,102.84460209865196,100.27348855511266,100.8668212890625,21600,VITAL
2023-08-21,103.53682358067447,103.53682358067447,100.42182480467899,101.855712890625,10800,VITAL
2023-08-22,102.10293051694782,103.09182088515071,102.05348298068377,102.79515075683594,19200,VITAL
2023-08-23,103.83348988374688,103.83348988374688,101.85570912405646,102.49848937988281,25200,VITAL
2023-08-24,102.89404795396399,107.73960482250344,102.64682535680852,103.24015808105469,97200,VITAL
2023-08-25,105.66293757303544,108.28349863804293,104.82238224321964,107.8385009765625,90000,VITAL
2023-08-28,111.6951748735257,116.63962719275456,109.81628902792714,112.73351287841797,102000,VITAL
2023-08-29,112.73350969627893,114.36518042449424,109.1735056358498,111.29962158203125,48000,VITAL
2023-08-30,110.11294585406091,112.68405941602539,109.71738818038136,110.36016845703125,58800,VITAL
2023-08-31,112.73350603685743,112.73350603685743,108.77794442152911,109.61849975585938,21600,VITAL
2023-09-01,110.21183127405588,110.21183127405588,107.19572010240415,108.62960815429688,21600,VITAL
2023-09-04,108.43183720876195,109.66795024683576,107.88794445415537,109.51961517333984,75600,VITAL
2023-09-05,109.61850273759178,115.50240532722171,108.77794738039758,110.80517578125,121200,VITAL
2023-09-06,110.7557275781577,111.74461800296268,105.91016298768626,107.73960876464844,49200,VITAL
2023-09-07,110.60738801083025,110.60738801083025,107.09683167220986,107.887939453125,13200,VITAL
2023-09-08,108.77794824164789,108.77794824164789,105.56405431632648,106.40460968017578,34800,VITAL
2023-09-11,106.40460316175957,106.80016082187868,103.53681955668957,104.82238006591797,25200,VITAL
2023-09-12,102.54793642010853,106.05850052769043,97.10903895715005,100.71849060058594,61200,VITAL
2023-09-13,98.88904331677587,103.2896027265183,98.88904331677587,102.0534896850586,13200,VITAL
2023-09-14,103.83349432461505,104.62460968018047,101.85571348033666,102.35015869140625,18000,VITAL
2023-09-15,103.8406943778088,103.8406943778088,99.96529852592575,100.90930938720703,38400,VITAL
2023-09-18,102.74763289070404,103.34384586985519,101.85330963134766,101.85330963134766,14400,VITAL
2023-09-20,102.3501550441835,103.24447830353988,101.10804151209389,101.85330963134766,9600,VITAL
2023-09-21,96.88485615461768,101.05835461800515,96.88485615461768,98.72318267822266,39600,VITAL
2023-09-22,99.31939662141869,100.95898802690493,98.87223877504039,100.3130874633789,16800,VITAL
2023-09-25,100.3627737218418,100.3627737218418,98.12696935675126,98.57412719726562,19200,VITAL
2023-09-26,96.48738292956129,98.12697439777608,96.48738292956129,97.38170623779297,18000,VITAL
2023-09-27,96.38801209233621,98.82255163329864,96.38801209233621,97.0339126586914,16800,VITAL
2023-09-28,97.0339152809764,98.22634129627251,97.0339152809764,97.0835952758789,4800,VITAL
2023-09-29,96.5867458741698,98.77287025414644,96.5867458741698,97.58043670654297,14400,VITAL
2023-10-03,99.26971804574373,101.30677975209767,97.48107147216797,97.48107147216797,20400,VITAL
2023-10-04,100.7602571528801,100.7602571528801,96.38801574707031,96.38801574707031,20400,VITAL
2023-10-05,96.43769933095632,98.62381615271936,96.43769933095632,96.88485717773438,18000,VITAL
2023-10-06,98.12697207460518,98.27602721932485,94.40063136291131,96.33832550048828,16800,VITAL
2023-10-09,95.39432029920889,95.44400787353516,94.40062946275879,95.44400787353516,7200,VITAL
2023-10-10,97.63012194633484,97.63012194633484,93.80441384942242,95.39431762695312,24000,VITAL
2023-10-11,97.0835923138003,97.63012530987079,95.89116633488581,96.88485717773438,14400,VITAL
2023-10-12,99.26971433448608,103.29415760268594,98.4250786545868,101.5551986694336,63600,VITAL
2023-10-13,101.35646420648888,102.3501550320427,98.97160470890786,99.56781768798828,16800,VITAL
2023-10-16,98.37539506485638,99.36908592409736,97.58043934495976,98.77287292480469,19200,VITAL
2023-10-17,99.36908561510693,101.05835703805991,97.38170390280479,97.48107147216797,24000,VITAL
2023-10-18,97.38170494719229,99.07097638826217,95.89116864698016,96.78549194335938,28800,VITAL
2023-10-19,95.394319253166,100.36277338093507,95.394319253166,99.56781768798828,34800,VITAL
2023-10-20,100.36277342385803,101.25709668349081,97.67981122621903,98.42507934570312,24000,VITAL
2023-10-23,96.73580106536849,99.17034815469907,96.13958808188774,96.43769836425781,14400,VITAL
2023-10-25,97.3817039322664,97.3817039322664,96.23895793109503,96.33832550048828,7200,VITAL
2023-10-26,94.69874238650505,94.79810995666864,91.96609251007794,94.35094451904297,43200,VITAL
2023-10-27,95.39431831163961,97.03390967387276,95.39431831163961,95.69242858886719,15600,VITAL
2023-10-30,95.69243202940714,95.69243202940714,91.41955833556703,91.46924591064453,78000,VITAL
2023-10-31,90.62459964831785,93.854094809641,90.42586451704784,92.41324615478516,51600,VITAL
2023-11-01,92.26419133762747,96.3880097665729,91.5189232208756,95.99053192138672,79200,VITAL
2023-11-02,97.13327787334838,98.17665626919754,94.49999567817709,94.84778594970703,54000,VITAL
2023-11-03,94.49999465670547,94.49999465670547,91.96608763615458,92.1151351928711,33600,VITAL
2023-11-06,92.4132464961095,94.40062814118713,92.4132464961095,92.56230163574219,27600,VITAL
2023-11-07,93.90378722301504,94.0528423697797,89.38249073162525,89.92902374267578,128400,VITAL
2023-11-08,91.3698673991964,91.3698673991964,86.45110089785653,87.6932144165039,73200,VITAL
2023-11-09,87.69321475839028,90.17744180537018,85.01025258015571,87.84226989746094,62400,VITAL
2023-11-10,87.79258598573041,87.89195355550224,85.95425941054297,87.19637298583984,54000,VITAL
2023-11-13,85.55678301482291,87.0473193306953,83.7184564081656,84.3643569946289,61200,VITAL
2023-11-15,84.26498955134782,96.38801523971533,84.26498955134782,93.8044204711914,133200,VITAL
2023-11-16,95.69243227531912,95.69243227531912,91.46924614570369,93.9037857055664,88800,VITAL
2023-11-17,94.40063079366001,95.39432164411959,93.05914966179148,93.75473022460938,32400,VITAL
2023-11-20,92.91009189771569,92.91009189771569,91.4195556640625,91.4195556640625,8400,VITAL
2023-11-21,91.9660873413086,94.10251651416108,91.6182894933938,91.9660873413086,15600,VITAL
2023-11-22,91.91639974220327,91.91639974220327,89.43217272214372,90.8233413696289,22800,VITAL
2023-11-23,91.1711343261741,91.41955703550973,89.43217536082473,89.73028564453125,27600,VITAL
2023-11-24,89.6309107859539,90.97239948571665,89.6309107859539,89.87933349609375,13200,VITAL
2023-11-28,89.43217815171468,90.42586902006707,85.45741467830514,86.35173797607422,61200,VITAL
2023-11-29,87.24606223398621,88.93533369627183,86.45110649805194,86.79889678955078,40800,VITAL
2023-11-30,86.45110453691736,87.09700511005428,83.66876710552422,85.90457153320312,57600,VITAL
2023-12-01,86.40141266840295,86.4511002412752,84.81150889286124,86.25236511230469,12000,VITAL
2023-12-04,86.1529919117508,91.4195563422309,84.81151080776343,89.43217468261719,44400,VITAL
2023-12-05,89.92901976029951,92.11513654517321,89.92901976029951,90.42586517333984,7200,VITAL
2023-12-06,90.42586824696684,90.42586824696684,87.4447956673965,88.33911895751953,16800,VITAL
2023-12-07,88.09069830231502,88.3888010184866,86.55047440101924,86.94795227050781,12000,VITAL
2023-12-08,84.81151147308901,86.45110287138439,83.47003035857804,86.30204772949219,56400,VITAL
2023-12-11,86.20268383433911,86.20268383433911,83.6687690580016,85.6561508178711,21600,VITAL
2023-12-12,85.457416401813,85.457416401813,84.46372551341983,84.81151580810547,15600,VITAL
2023-12-13,84.66245870081875,85.80520471229745,83.47003269482511,83.91719055175781,27600,VITAL
2023-12-14,84.96057039862266,85.4574158395503,82.9731886349122,83.37066650390625,27600,VITAL
2023-12-15,82.97318950452302,85.30836158510493,82.97318950452302,84.9605712890625,33600,VITAL
2023-12-18,85.10961905524668,85.15929904679413,80.48895529081824,81.68138122558594,52800,VITAL
2023-12-19,81.97949313857154,97.97791391966516,81.4826477256105,97.28233337402344,328800,VITAL
2023-12-20,99.51814203143971,107.31861383564932,97.4810727177962,99.22003173828125,342000,VITAL
2023-12-21,96.38801455702031,103.79100851884428,96.38801455702031,100.51183319091797,49200,VITAL
2023-12-22,101.3564685783764,102.35015944679185,98.37539597313003,100.36277770996094,39600,VITAL
2023-12-26,100.36277905014529,100.80993691439946,98.87224272761839,99.81624603271484,18000,VITAL
2023-12-27,99.3690825743654,99.3690825743654,93.55599276001689,93.85409545898438,44400,VITAL
2023-12-28,96.04021851400303,96.04021851400303,94.54968229572442,95.54337310791016,25200,VITAL
2023-12-29,93.25788751087057,94.40063353837655,92.11514148336458,92.66167449951172,9600,VITAL
2024-01-01,92.01577077467178,102.35015708385679,92.01577077467178,99.31939697265625,43200,VITAL
2024-01-02,99.31939744727725,99.31939744727725,94.4006307711776,94.89747619628906,44400,VITAL
2024-01-03,95.9905356687559,95.9905356687559,93.40694094607387,94.20189666748047,55200,VITAL
2024-01-04,95.04653134007441,96.88485789673491,94.64905348373334,94.89747619628906,25200,VITAL
2024-01-05,96.5867472470562,99.26971708135522,95.89116668701172,95.89116668701172,37200,VITAL
2024-01-08,95.7917981633873,95.7917981633873,92.51261537014133,93.15851593017578,13200,VITAL
2024-01-09,95.39431863905055,96.58674458953496,94.69873809814453,94.69873809814453,13200,VITAL
2024-01-10,94.40063017648045,94.40063017648045,90.52523436877304,92.31388092041016,69600,VITAL
2024-01-11,92.56230197115917,94.10251820292,91.41955600484671,91.56861114501953,42000,VITAL
2024-01-12,91.51892487699483,92.36356057501285,91.0717670313557,92.16482543945312,12000,VITAL
2024-01-15,92.16482543945312,92.16482543945312,92.16482543945312,92.16482543945312,0,VITAL
2024-01-16,90.62460335260019,92.164827217307,89.43217735372109,89.48186492919922,25200,VITAL
2024-01-17,89.48186225661128,89.48186225661128,87.44479302300347,89.43217468261719,22800,VITAL
2024-01-18,89.43217984431247,91.8170394897461,88.43848895715344,91.8170394897461,12000,VITAL
2024-01-19,90.6742891898724,92.86040600632992,90.6742891898724,91.02207946777344,19200,VITAL
2024-01-23,95.64274665363673,95.64274665363673,88.48817539101144,88.93533325195312,24000,VITAL
2024-01-24,89.43217336100511,90.32649661086701,88.19005984210226,88.8359603881836,28800,VITAL
2024-01-25,89.432176705047,92.4132492618819,87.4447950004904,88.04100799560547,60000,VITAL
2024-01-29,88.23975372314453,88.23975372314453,86.35173952319643,88.23975372314453,15600,VITAL
2024-01-30,88.2397494036863,88.93532995744185,86.94794828241521,87.44479370117188,15600,VITAL
2024-01-31,87.44479512679264,87.44479512679264,83.47003171193843,84.61277770996094,62400,VITAL
2024-02-01,86.45110219207064,89.28311954073142,85.80520163645271,88.2894287109375,28800,VITAL
2024-02-02,89.43217434725919,92.2641916853372,88.43848352117853,90.42586517333984,43200,VITAL
2024-02-05,87.14668211415554,91.41955568406674,87.14668211415554,87.99132537841797,33600,VITAL
2024-02-06,87.94163710166742,87.99132467490654,86.45110087960526,86.55046844482422,27600,VITAL
2024-02-07,86.35173531180013,86.35173531180013,84.96056662277762,85.1593017578125,34800,VITAL
2024-02-08,83.66876454418934,87.14668243633217,83.66876454418934,84.71214294433594,48000,VITAL
2024-02-09,84.76182881850296,85.30835421326795,81.97949152807668,82.82412719726562,44400,VITAL
2024-02-12,83.47003453805905,83.51972211493089,80.68769702095317,81.2342300415039,61200,VITAL
2024-02-13,80.58832615749728,84.4140344013432,80.58832615749728,82.02918243408203,28800,VITAL
2024-02-14,82.97318535017504,83.91718861806247,81.73107179702872,83.02287292480469,32400,VITAL
2024-02-15,82.47634331341058,82.47634331341058,80.98580698846942,81.08517456054688,19200,VITAL
2024-02-16,81.78075931180197,85.35804482599325,81.48264902676125,84.16561126708984,33600,VITAL
2024-02-19,83.6687665166977,86.94794935338638,83.6687665166977,84.4637222290039,13200,VITAL
2024-02-20,83.5693956482814,83.61908322131097,82.97318267822266,82.97318267822266,9600,VITAL
2024-02-21,83.07255707749803,83.07255707749803,80.24053955078125,80.24053955078125,8400,VITAL
2024-02-22,80.58832319375009,81.83043670654297,80.24053292641993,81.83043670654297,28800,VITAL
2024-02-23,84.36435201016862,84.4637195757706,82.07886009502639,82.12854766845703,15600,VITAL
2024-02-26,85.30835867775899,85.30835867775899,80.48895953074995,82.4763412475586,20400,VITAL
2024-02-27,80.7870672453284,82.37697105183814,80.7870672453284,81.2839126586914,12000,VITAL
2024-02-28,80.78706622386777,82.42665000222753,80.53864352032728,80.83674621582031,38400,VITAL
2024-02-29,78.99842452303096,81.9298095703125,78.99842452303096,81.9298095703125,10800,VITAL
2024-03-01,80.24053860102943,80.24053860102943,79.19716014399201,79.79338073730469,6000,VITAL
2024-03-04,79.49526977539062,80.98580608367921,79.09779191026173,79.49526977539062,19200,VITAL
2024-03-05,78.05442104321556,80.8864385127119,77.70662317294045,79.49526977539062,42000,VITAL
2024-03-06,77.60725170648233,79.19715550593308,75.71923762783359,78.849365234375,24000,VITAL
2024-03-07,78.79968723729374,80.33990350212471,77.55757367794963,78.60094451904297,31200,VITAL
2024-03-11,76.7626194353293,77.25946486856768,73.63249168967559,74.62618255615234,82800,VITAL
2024-03-12,74.62618164890608,74.62618164890608,69.55835980773715,71.8935317993164,90000,VITAL
2024-03-13,72.48974213037312,76.46450540181256,66.62697237000738,74.12933349609375,170400,VITAL
2024-03-14,75.71924270891095,79.39590354694816,72.53943489663106,78.94873809814453,68400,VITAL
2024-03-18,81.43296375617825,84.46372394189117,80.98580589722506,82.92350006103516,58800,VITAL
2024-03-19,84.36435300898289,84.36435300898289,81.13485781049789,82.5757064819336,28800,VITAL
2024-03-20,82.97318297256287,82.97318297256287,76.61356024643794,77.40851593017578,44400,VITAL
2024-03-21,78.00472955165985,80.83674687900327,78.00472955165985,78.849365234375,68400,VITAL
2024-03-22,77.50788945621615,78.50158034668046,76.91167643818953,77.80599975585938,60000,VITAL
2024-03-26,78.50157564024339,80.38958973518467,75.02365773213134,75.71923828125,76800,VITAL
2024-03-27,75.57018866411828,76.51419189525738,71.04889247416757,71.39668273925781,104400,VITAL
2024-03-28,70.85015800592332,73.48343259560824,68.6640336683666,70.55204772949219,157200,VITAL
2024-04-01,74.47712733048478,76.91167449951172,74.42744733596973,76.91167449951172,16800,VITAL
2024-04-02,76.91166986865139,78.40220607703122,76.51419203016493,78.2531509399414,24000,VITAL
2024-04-03,78.25315527520559,79.44558127546678,77.50788712972744,77.90536499023438,39600,VITAL
2024-04-04,79.39589725397262,82.27760211990395,79.39589725397262,81.83043670654297,38400,VITAL
2024-04-05,78.84936689161758,78.89905446628134,77.50788576955034,78.45188903808594,15600,VITAL
2024-04-08,79.49527061914648,79.49527061914648,75.52050708818915,76.36514282226562,26400,VITAL
2024-04-09,78.25315193695839,78.25315193695839,75.61986975235173,76.41482543945312,9600,VITAL
2024-04-10,77.20977486843815,79.19715653899006,76.01734889861076,77.01103973388672,21600,VITAL
2024-04-12,76.51419301927534,78.40220709054827,75.81861247887656,77.55757141113281,13200,VITAL
2024-04-15,77.55757102872695,77.55757102872695,74.52681101494866,75.1230239868164,22800,VITAL
2024-04-16,74.52681236488449,74.97397020657004,73.7318566671553,74.57649993896484,4800,VITAL
2024-04-18,75.619875385475,76.2657759817023,74.52681692023026,75.5205078125,12000,VITAL
2024-04-19,75.47081659991905,75.47081659991905,73.53312248583661,75.0236587524414,13200,VITAL
2024-04-22,75.5205078125,75.91798568565987,73.98028389697797,75.5205078125,12000,VITAL
2024-04-23,75.5205008375075,75.91797867395674,73.83122950917219,74.67586517333984,13200,VITAL
2024-04-24,74.87460594179474,75.52050652702785,74.52681565167221,74.9242935180664,32400,VITAL
2024-04-25,74.07965866244223,80.3895942789885,74.07965866244223,76.51419830322266,44400,VITAL
2024-04-26,78.50158008556316,91.8170394897461,78.50158008556316,91.8170394897461,412800,VITAL
2024-04-29,96.38801149950426,101.85331112061017,91.8170351508312,93.30757141113281,297600,VITAL
2024-04-30,93.80442086338327,96.48738321474858,92.41325211105098,92.81072998046875,55200,VITAL
2024-05-02,90.9724014736519,95.39432277826558,89.43217760462397,90.7736587524414,44400,VITAL
2024-05-03,90.77365411735964,92.41324547264225,88.04100438564173,89.82965087890625,34800,VITAL
2024-05-06,92.36355893308325,92.36355893308325,85.95425615947579,87.99132537841797,26400,VITAL
2024-05-07,89.03470235802759,89.03470235802759,85.01025879639475,86.10331726074219,20400,VITAL
2024-05-08,86.50078772970458,86.50078772970458,82.67507206005365,82.82412719726562,18000,VITAL
2024-05-09,83.96687850693887,83.96687850693887,82.1285519138673,82.92350006103516,25200,VITAL
2024-05-10,85.30835832964998,85.30835832964998,80.98580462948169,82.32728576660156,25200,VITAL
2024-05-13,81.4826528482403,85.95426184600959,80.48896195984713,84.81151580810547,50400,VITAL
2024-05-14,85.20899283492696,85.45741555456232,81.5323396168276,82.07886505126953,33600,VITAL
2024-05-15,82.97318705116831,83.91719033840828,81.48265075683594,81.48265075683594,22800,VITAL
2024-05-16,80.78707151271534,80.93611907958984,77.90536644673875,80.93611907958984,12000,VITAL
2024-05-17,80.9361170542604,82.67507604937197,80.48895920230696,82.32728576660156,13200,VITAL
2024-05-21,79.69400453962311,81.08517327035108,79.69400453962311,80.48896026611328,9600,VITAL
2024-05-22,81.33359683871394,83.22161102294922,80.48896110876282,83.22161102294922,13200,VITAL
2024-05-23,83.12224050647562,83.22160807449177,81.4826490998009,81.880126953125,19200,VITAL
2024-05-24,81.48265231212935,83.37066650390625,80.4889614302741,83.37066650390625,13200,VITAL
2024-05-27,82.4763412475586,84.1656126743421,81.48265038915427,82.4763412475586,22800,VITAL
2024-05-28,81.48265075683594,81.48265075683594,81.48265075683594,81.48265075683594,2400,VITAL
2024-05-29,81.48264676127741,83.47002838960125,79.6443202713297,80.83674621582031,10800,VITAL
2024-05-30,82.47633657040333,82.47633657040333,79.64431930080397,80.38958740234375,26400,VITAL
2024-05-31,79.84305809814605,80.48895866541673,76.51419527453196,77.45819854736328,31200,VITAL
2024-06-03,79.39590339193366,81.73107546026056,75.81861771478819,76.51419830322266,19200,VITAL
2024-06-04,76.56388403814485,76.56388403814485,73.03627844146156,73.33438873291016,20400,VITAL
2024-06-05,73.33438774294292,74.52681373012105,71.04889575604872,71.74447631835938,26400,VITAL
2024-06-06,73.38406793057483,76.46450805664062,73.38406793057483,76.46450805664062,13200,VITAL
2024-06-07,77.16009387836549,77.16009387836549,74.07965384506741,74.27838897705078,26400,VITAL
2024-06-10,74.77523570374457,75.52050383368223,73.58280972834811,74.87460327148438,10800,VITAL
2024-06-11,75.4708162699063,75.4708162699063,72.83754160875999,73.73185729980469,26400,VITAL
2024-06-12,72.73816516977209,75.02365709387738,72.73816516977209,74.27838897705078,19200,VITAL
2024-06-13,76.86198566554602,76.86198566554602,69.80678215282876,74.02996826171875,57600,VITAL
2024-06-14,73.9802842204562,76.41483146591801,73.03628090117624,75.66956329345703,28800,VITAL
2024-06-18,73.03627901299055,76.91167492585015,73.03627901299055,74.77523803710938,32400,VITAL
2024-06-19,77.01104215194849,77.35883243896342,73.73185926007133,74.62618255615234,21600,VITAL
2024-06-20,71.84384863292883,84.3643513291992,71.79416105989925,82.97318267822266,144000,VITAL
2024-06-21,84.51340921677362,84.51340921677362,80.48895827073318,80.73738098144531,54000,VITAL
2024-06-24,78.25315390194986,79.8927453094807,77.50788576955034,78.45188903808594,25200,VITAL
2024-06-25,77.16009850150648,79.29653541400181,77.01104335295848,77.50788879394531,19200,VITAL
2024-06-26,77.40851489640768,79.4952640617775,76.31545653181007,76.96134948730469,16800,VITAL
2024-06-27,76.51419466305401,78.2034660581761,76.01734924316406,76.01734924316406,12000,VITAL
2024-06-28,76.01734959684461,76.01734959684461,74.87460360952903,75.0236587524414,16800,VITAL
2024-07-01,75.0236611650309,79.99211554682103,75.0236611650309,79.64432525634766,37200,VITAL
2024-07-02,86.45110404959452,86.45110404959452,78.99842266600879,81.03549194335938,61200,VITAL
2024-07-03,80.488957463906,97.23264648181235,80.488957463906,96.43769836425781,769200,VITAL
2024-07-04,100.76025527742112,108.66009462560064,97.43139239426559,99.07097625732422,354000,VITAL
2024-07-05,101.30677697901447,103.34384621086704,95.2949520126187,99.71687316894531,178800,VITAL
2024-07-08,100.36277376578309,101.35646459514727,94.40062878959795,95.1458969116211,72000,VITAL
2024-07-09,96.78548761230441,106.32491799053001,92.56230161735346,101.70425415039062,190800,VITAL
2024-07-10,103.34385034101027,113.28075902764587,100.36277773501959,107.36830139160156,532800,VITAL
2024-07-11,111.93927437010879,114.67192417346526,104.33753794633799,108.16324615478516,190800,VITAL
2024-07-12,109.30599114306871,110.24999439770964,103.84069158591527,104.28784942626953,60000,VITAL
2024-07-15,104.33753600893411,105.2318592624054,100.90930571543,102.69794464111328,56400,VITAL
2024-07-16,104.33753603561934,107.36829606725296,102.35015439684564,104.98343658447266,108000,VITAL
2024-07-18,104.3375398348996,104.3375398348996,99.76656341552734,99.76656341552734,36000,VITAL
2024-07-19,95.39432397047761,100.36277834393998,94.79811096191406,94.79811096191406,28800,VITAL
2024-07-22,90.07807457939515,97.38170060880356,90.07807457939515,92.56230163574219,36000,VITAL
2024-07-23,89.63091422244511,93.90378803317829,87.94164276123047,87.94164276123047,56400,VITAL
2024-07-24,87.94163876882133,91.41955668623234,84.46372085141032,90.7239761352539,43200,VITAL
2024-07-25,87.94164180578794,92.413250711167,86.20268278702943,87.4944839477539,114000,VITAL
2024-07-26,89.33281111793447,89.33281111793447,85.75552548662182,88.93533325195312,46800,VITAL
2024-07-29,89.92902354151197,89.92902354151197,86.9976385138229,87.4944839477539,24000,VITAL
2024-07-30,85.25867865123503,86.4511046483638,83.12224179022469,83.61908721923828,49200,VITAL
2024-07-31,86.20268287325044,86.20268287325044,81.48265124618486,85.20899200439453,26400,VITAL
2024-08-01,84.46371956105612,85.8548882230195,80.98580169677734,80.98580169677734,60000,VITAL
2024-08-02,76.96135429819059,81.48265075683594,76.96135429819059,81.48265075683594,60000,VITAL
2024-08-05,80.83674888754832,80.88643646240234,80.48895860734872,80.88643646240234,6000,VITAL
2024-08-06,80.9361127609457,82.72475923639854,78.50157332943525,79.24684143066406,43200,VITAL
2024-08-07,79.64432446383955,83.02287492609021,79.49526931761709,82.77445220947266,13200,VITAL
2024-08-08,82.47633792432539,82.97318333350808,80.48895628759466,80.98580169677734,22800,VITAL
2024-08-09,80.78706592758755,82.97318267822266,80.48895565192856,82.97318267822266,10800,VITAL
2024-08-12,82.97318636585123,84.7618329367806,80.63801437360316,81.18453979492188,36000,VITAL
2024-08-13,80.63801307492594,82.37697204261144,80.48895793287242,80.58832550048828,46800,VITAL
2024-08-14,80.58832486866302,82.07886111499315,77.507884809166,78.00473022460938,43200,VITAL
2024-08-16,78.60094799401823,81.38328552246094,78.50158042112953,81.38328552246094,9600,VITAL
2024-08-19,79.59463660109635,81.48265075683594,79.49526903105945,81.48265075683594,9600,VITAL
2024-08-20,82.47634161972418,82.7744519110945,81.48265075683594,81.48265075683594,8400,VITAL
2024-08-21,82.07886308038655,82.07886308038655,78.00473209244697,81.18453979492188,26400,VITAL
2024-08-22,80.48896202355472,84.16561528101563,80.48896202355472,83.66876983642578,21600,VITAL
2024-08-23,82.47634258379333,83.71845617692274,81.9298095703125,81.9298095703125,9600,VITAL
2024-08-26,81.48264981772485,81.97949524344268,79.69400325263683,79.89274597167969,19200,VITAL
2024-08-27,82.47634161972418,83.47003248261242,80.98580532539182,81.48265075683594,14400,VITAL
2024-08-28,80.48895630161668,83.56939632283411,79.69400061428219,82.12854766845703,49200,VITAL
2024-08-29,82.37697001027499,82.42665000222753,80.09147810519887,80.83674621582031,12000,VITAL
2024-08-30,81.88013103927828,81.88013103927828,79.74369410464638,80.24053955078125,18000,VITAL
2024-09-02,80.24053734148974,80.24053734148974,76.51419659807691,78.0544204711914,44400,VITAL
2024-09-03,77.40851502757896,81.88012363863122,77.30914746358518,81.53233337402344,31200,VITAL
2024-09-04,81.3832782043968,81.48264576835028,79.89274200131723,80.38958740234375,27600,VITAL
2024-09-05,79.49526681177176,81.68138361659172,79.097788961461,79.2965316772461,20400,VITAL
2024-09-06,79.49526581482822,80.3895890714969,75.81861280339614,76.56388092041016,48000,VITAL
2024-09-09,77.3091496754924,78.70031077372633,77.3091496754924,78.00473022460938,13200,VITAL
2024-09-10,78.15378733897303,79.59463604763825,76.31546077166445,78.89905548095703,27600,VITAL
2024-09-11,77.50788383249856,82.32728278531873,77.50788383249856,80.98580169677734,34800,VITAL
2024-09-12,79.99211356466877,79.99211356466877,78.75,78.75,13200,VITAL
2024-09-13,80.0,80.9000015258789,78.0,80.30000305175781,28800,VITAL
2024-09-16,80.5,80.5,78.30000305175781,78.3499984741211,4800,VITAL
2024-09-17,77.1500015258789,79.69999694824219,77.1500015258789,78.0,8400,VITAL
2024-09-18,77.5,79.30000305175781,76.0999984741211,79.30000305175781,16800,VITAL
2024-09-19,79.0,79.1500015258789,76.1500015258789,76.19999694824219,30000,VITAL
2024-09-20,77.75,78.8499984741211,73.5999984741211,75.69999694824219,40800,VITAL
2024-09-23,76.5,77.75,74.5,76.25,18000,VITAL
2024-09-24,74.0999984741211,76.05000305175781,74.0,76.05000305175781,14400,VITAL
2024-09-25,76.05000305175781,76.5,75.1500015258789,75.5999984741211,9600,VITAL
2024-09-26,74.0999984741211,75.0,74.0,74.05000305175781,14400,VITAL
2024-09-27,73.19999694824219,74.9000015258789,73.0,74.9000015258789,24000,VITAL
2024-09-30,72.19999694824219,78.5999984741211,72.1500015258789,78.5999984741211,32400,VITAL
2024-10-01,79.69999694824219,79.80000305175781,77.30000305175781,77.30000305175781,12000,VITAL
2024-10-03,77.0,77.0,73.5999984741211,73.69999694824219,13200,VITAL
2024-10-04,74.5999984741211,75.94999694824219,73.69999694824219,75.44999694824219,15600,VITAL
2024-10-07,72.0,73.5,72.0,72.80000305175781,14400,VITAL
2024-10-08,74.0,74.0,72.55000305175781,73.9000015258789,9600,VITAL
2024-10-09,74.0,77.55000305175781,73.25,76.05000305175781,22800,VITAL
2024-10-10,75.94999694824219,77.5,73.0,73.75,72000,VITAL
2024-10-11,74.75,74.75,74.0,74.6500015258789,3600,VITAL
2024-10-14,73.44999694824219,74.80000305175781,73.0,73.05000305175781,20400,VITAL
2024-10-15,73.05000305175781,73.8499984741211,72.55000305175781,72.8499984741211,14400,VITAL
2024-10-16,73.80000305175781,73.80000305175781,72.19999694824219,73.5,7200,VITAL
2024-10-17,72.05000305175781,72.94999694824219,72.0,72.5,22800,VITAL
2024-10-18,72.5,73.4000015258789,70.5,73.4000015258789,14400,VITAL
2024-10-21,72.1500015258789,74.30000305175781,71.94999694824219,74.0,15600,VITAL
2024-10-22,74.8499984741211,74.8499984741211,72.0,72.5999984741211,22800,VITAL
2024-10-23,73.75,74.0,71.55000305175781,73.6500015258789,19200,VITAL
2024-10-24,74.80000305175781,74.8499984741211,73.1500015258789,73.80000305175781,9600,VITAL
2024-10-25,73.55000305175781,74.3499984741211,70.1500015258789,73.94999694824219,20400,VITAL
2024-10-28,73.8499984741211,73.94999694824219,73.05000305175781,73.69999694824219,7200,VITAL
2024-10-29,73.69999694824219,75.30000305175781,73.69999694824219,74.69999694824219,21600,VITAL
2024-10-30,75.0,75.0,75.0,75.0,2400,VITAL
2024-10-31,74.5,74.5,74.25,74.4000015258789,4800,VITAL
2024-11-01,74.4000015258789,74.4000015258789,74.4000015258789,74.4000015258789,0,VITAL
2024-11-04,75.44999694824219,75.44999694824219,73.6500015258789,73.75,25200,VITAL
2024-11-05,73.75,73.75,73.75,73.75,0,VITAL
2024-11-06,75.5,75.5,74.0,74.25,18000,VITAL
2024-11-07,76.75,76.75,74.25,74.5,14400,VITAL
2024-11-08,74.69999694824219,76.4000015258789,74.5,75.25,9600,VITAL
2024-11-11,75.25,75.25,74.80000305175781,74.80000305175781,3600,VITAL
2024-11-12,75.19999694824219,77.0,74.75,75.05000305175781,13200,VITAL
2024-11-13,74.25,75.0,73.0,73.75,114000,VITAL
2024-11-14,75.94999694824219,75.94999694824219,73.80000305175781,75.4000015258789,6000,VITAL
2024-11-18,73.5999984741211,74.25,73.4000015258789,73.8499984741211,30000,VITAL
2024-11-19,75.0,75.0,74.1500015258789,74.19999694824219,3600,VITAL
2024-11-21,76.0,77.9000015258789,74.80000305175781,76.0999984741211,38400,VITAL
2024-11-22,76.0,77.0999984741211,75.19999694824219,77.0999984741211,13200,VITAL
2024-11-25,80.9000015258789,80.9000015258789,76.0999984741211,78.4000015258789,18000,VITAL
2024-11-26,79.3499984741211,79.3499984741211,75.8499984741211,78.80000305175781,12000,VITAL
2024-11-27,76.5999984741211,80.5,76.5999984741211,80.0999984741211,10800,VITAL
2024-11-28,77.69999694824219,78.19999694824219,76.80000305175781,78.0,12000,VITAL
2024-11-29,76.0,77.0,76.0,77.0,3600,VITAL
2024-12-02,76.69999694824219,76.69999694824219,76.69999694824219,76.69999694824219,1200,VITAL
2024-12-03,76.5,79.5,76.5,77.6500015258789,16800,VITAL
2024-12-04,77.05000305175781,79.0,76.8499984741211,76.8499984741211,6000,VITAL
2024-12-05,77.0,78.25,76.5,78.25,13200,VITAL
2024-12-06,78.0,78.0,76.5999984741211,76.5999984741211,3600,VITAL
2024-12-09,75.4000015258789,75.5,73.4000015258789,73.69999694824219,22800,VITAL
2024-12-10,73.5,76.94999694824219,73.44999694824219,76.44999694824219,18000,VITAL
2024-12-11,74.19999694824219,76.80000305175781,74.19999694824219,75.05000305175781,4800,VITAL
2024-12-12,75.05000305175781,75.80000305175781,74.0,74.6500015258789,33600,VITAL
2024-12-13,67.5999984741211,76.4000015258789,67.5999984741211,74.25,20400,VITAL
2024-12-16,75.55000305175781,75.55000305175781,74.5,74.5999984741211,12000,VITAL
2024-12-17,75.55000305175781,75.55000305175781,73.0999984741211,74.44999694824219,38400,VITAL
2024-12-18,73.6500015258789,74.5,73.6500015258789,73.80000305175781,7200,VITAL
2024-12-19,72.94999694824219,77.5999984741211,72.94999694824219,75.0,49200,VITAL
2024-12-20,75.0,75.6500015258789,74.05000305175781,74.05000305175781,8400,VITAL
2024-12-23,73.4000015258789,74.69999694824219,73.4000015258789,74.30000305175781,13200,VITAL
2024-12-24,73.4000015258789,73.69999694824219,73.3499984741211,73.69999694824219,7200,VITAL
2024-12-26,71.5999984741211,74.69999694824219,71.55000305175781,73.0,13200,VITAL
2024-12-27,72.5999984741211,73.6500015258789,72.55000305175781,73.3499984741211,13200,VITAL
2024-12-30,73.0,74.5,72.9000015258789,74.0999984741211,18000,VITAL
2024-12-31,74.3499984741211,74.69999694824219,74.19999694824219,74.69999694824219,7200,VITAL
2025-01-01,73.5,74.69999694824219,73.5,74.19999694824219,9600,VITAL
2025-01-02,74.94999694824219,76.0,74.4000015258789,74.69999694824219,6000,VITAL
2025-01-03,74.5,75.0,73.80000305175781,74.9000015258789,43200,VITAL
2025-01-06,74.3499984741211,74.4000015258789,70.5999984741211,72.30000305175781,19200,VITAL
2025-01-07,71.94999694824219,74.0999984741211,71.94999694824219,73.5999984741211,14400,VITAL
2025-01-08,73.69999694824219,74.1500015258789,73.0,73.4000015258789,12000,VITAL
2025-01-09,72.44999694824219,72.5,71.25,72.30000305175781,13200,VITAL
2025-01-10,71.6500015258789,74.5,71.0,74.0,25200,VITAL
2025-01-13,73.94999694824219,73.94999694824219,70.0,72.05000305175781,20400,VITAL
2025-01-14,72.3499984741211,73.3499984741211,72.3499984741211,73.3499984741211,12000,VITAL
2025-01-15,74.0,74.0,72.5,72.5,10800,VITAL
2025-01-16,73.94999694824219,74.25,73.5,73.69999694824219,9600,VITAL
2025-01-17,73.69999694824219,73.69999694824219,73.69999694824219,73.69999694824219,0,VITAL
2025-01-20,73.5,74.25,72.9000015258789,72.9000015258789,7200,VITAL
2025-01-21,73.0,73.0,73.0,73.0,1200,VITAL
2025-01-22,74.0,74.0,70.19999694824219,72.5999984741211,14400,VITAL
2025-01-23,71.4000015258789,73.44999694824219,71.4000015258789,72.9000015258789,6000,VITAL
2025-01-24,73.0999984741211,73.0999984741211,72.0,72.0,15600,VITAL
2025-01-27,72.0,72.8499984741211,71.5,72.0,28800,VITAL
2025-01-28,72.5,72.5,69.3499984741211,69.3499984741211,26400,VITAL
2025-01-29,70.0,70.75,69.4000015258789,70.75,8400,VITAL
2025-01-30,71.05000305175781,73.1500015258789,71.05000305175781,71.8499984741211,14400,VITAL
2025-01-31,71.5,73.5,71.5,71.55000305175781,3600,VITAL
2025-02-01,71.9000015258789,72.0,69.25,71.0999984741211,10800,VITAL
2025-02-03,72.44999694824219,73.0,72.0,72.0,4800,VITAL
2025-02-04,72.5,76.0,72.5,74.0,15600,VITAL
2025-02-05,74.5,76.5999984741211,74.5,75.19999694824219,8400,VITAL
2025-02-06,76.0,76.0,76.0,76.0,1200,VITAL
2025-02-07,74.0999984741211,74.0999984741211,73.80000305175781,73.80000305175781,4800,VITAL
2025-02-10,72.94999694824219,74.5,72.94999694824219,74.44999694824219,3600,VITAL
2025-02-11,73.9000015258789,74.69999694824219,73.25,73.30000305175781,16800,VITAL
2025-02-12,72.9000015258789,76.5,72.0,76.30000305175781,164400,VITAL
2025-02-13,76.44999694824219,77.0,76.0999984741211,77.0,7200,VITAL
2025-02-14,74.0999984741211,74.0999984741211,73.05000305175781,73.55000305175781,12000,VITAL
2025-02-17,72.5999984741211,73.5,72.4000015258789,72.44999694824219,27600,VITAL
2025-02-18,72.25,72.25,70.0,70.0,13200,VITAL
2025-02-19,70.5,75.0,70.5,74.25,136800,VITAL
2025-02-20,74.44999694824219,74.9000015258789,73.0,74.44999694824219,12000,VITAL
2025-02-21,74.0,74.0,73.5,73.6500015258789,4800,VITAL
2025-02-24,72.0,74.6500015258789,72.0,73.69999694824219,6000,VITAL
2025-02-25,74.0,74.75,74.0,74.0,6000,VITAL
2025-02-27,73.05000305175781,73.1500015258789,73.05000305175781,73.1500015258789,6000,VITAL
2025-02-28,73.0,73.69999694824219,72.44999694824219,73.05000305175781,96000,VITAL
2025-03-03,72.5,72.94999694824219,70.0,72.94999694824219,19200,VITAL
2025-03-04,69.30000305175781,73.3499984741211,69.30000305175781,73.25,76800,VITAL
2025-03-05,73.5,74.0,71.19999694824219,71.19999694824219,21600,VITAL
2025-03-06,73.5,73.94999694824219,72.0,72.0,3600,VITAL
2025-03-07,72.0,73.0999984741211,69.4000015258789,70.05000305175781,33600,VITAL
2025-03-10,70.19999694824219,71.1500015258789,68.5999984741211,70.69999694824219,21600,VITAL
2025-03-11,68.19999694824219,68.19999694824219,66.6500015258789,68.1500015258789,15600,VITAL
2025-03-12,67.5,68.0999984741211,66.94999694824219,67.0999984741211,24000,VITAL
2025-03-13,66.5,66.9000015258789,64.05000305175781,64.0999984741211,25200,VITAL
2025-03-17,63.70000076293945,63.70000076293945,53.900001525878906,56.400001525878906,55200,VITAL
2025-03-18,56.400001525878906,56.400001525878906,56.400001525878906,56.400001525878906,0,VITAL
2025-03-19,59.75,59.75,55.5,58.79999923706055,40800,VITAL
2025-03-20,57.79999923706055,58.400001525878906,57.650001525878906,57.650001525878906,16800,VITAL
2025-03-21,56.900001525878906,58.650001525878906,56.0,58.599998474121094,38400,VITAL
2025-03-24,59.04999923706055,60.349998474121094,57.0,58.400001525878906,79200,VITAL
2025-03-25,58.400001525878906,58.400001525878906,57.099998474121094,57.20000076293945,20400,VITAL
2025-03-26,56.900001525878906,56.900001525878906,52.150001525878906,52.29999923706055,57600,VITAL
2025-03-27,51.79999923706055,54.150001525878906,50.0,51.29999923706055,69600,VITAL
2025-03-28,52.29999923706055,54.54999923706055,48.099998474121094,50.150001525878906,69600,VITAL
2025-04-01,51.0,56.0,51.0,56.0,7200,VITAL
2025-04-02,54.900001525878906,64.0,54.900001525878906,64.0,54000,VITAL
2025-04-03,67.80000305175781,73.80000305175781,67.5999984741211,73.5,40800,VITAL
2025-04-04,68.0,73.1500015258789,68.0,69.9000015258789,30000,VITAL
2025-04-07,65.0,66.0,65.0,66.0,3600,VITAL
2025-04-08,69.94999694824219,69.94999694824219,66.0,68.0,8400,VITAL
2025-04-09,66.5,68.0,66.5,68.0,3600,VITAL
2025-04-11,68.0999984741211,72.0,68.0999984741211,72.0,4800,VITAL
2025-04-15,74.9000015258789,74.9000015258789,72.0,74.0,12000,VITAL
2025-04-16,75.69999694824219,75.69999694824219,72.05000305175781,73.0,9600,VITAL
2025-04-17,70.75,73.94999694824219,70.75,73.0,6000,VITAL
2025-04-21,70.0,72.0,70.0,70.5,3600,VITAL
2025-04-22,71.9000015258789,73.9000015258789,71.9000015258789,73.1500015258789,14400,VITAL
2025-04-23,72.05000305175781,72.05000305175781,71.0999984741211,71.0999984741211,6000,VITAL
2025-04-24,71.9000015258789,72.0,71.9000015258789,72.0,4800,VITAL
2025-04-25,72.0,72.0,68.8499984741211,68.94999694824219,6000,VITAL
2025-04-28,68.0,68.0,67.05000305175781,67.05000305175781,4800,VITAL
2025-04-29,66.5999984741211,66.5999984741211,62.650001525878906,63.45000076293945,12000,VITAL
2025-04-30,65.0,65.0,65.0,65.0,1200,VITAL
2025-05-02,65.1500015258789,66.5,64.94999694824219,64.94999694824219,9600,VITAL
2025-05-05,65.0,65.0,64.94999694824219,64.94999694824219,2400,VITAL
2025-05-06,65.3499984741211,66.5,65.3499984741211,65.44999694824219,4800,VITAL
2025-05-07,68.0999984741211,68.0999984741211,68.0999984741211,68.0999984741211,2400,VITAL
2025-05-08,65.75,65.75,65.69999694824219,65.69999694824219,4800,VITAL
2025-05-09,65.69999694824219,65.69999694824219,65.69999694824219,65.69999694824219,1200,VITAL
2025-05-12,66.0,66.69999694824219,66.0,66.0999984741211,4800,VITAL
2025-05-13,67.0999984741211,67.0999984741211,67.0999984741211,67.0999984741211,2400,VITAL
2025-05-14,67.5,67.5,67.3499984741211,67.3499984741211,3600,VITAL
2025-05-15,68.8499984741211,68.8499984741211,68.8499984741211,68.8499984741211,1200,VITAL
2025-05-16,69.0999984741211,72.9000015258789,69.0999984741211,71.0,7200,VITAL
2025-05-19,74.0,75.0999984741211,67.3499984741211,70.69999694824219,21600,VITAL
2025-05-20,69.25,69.25,67.0999984741211,67.55000305175781,13200,VITAL
2025-05-21,67.55000305175781,67.55000305175781,67.55000305175781,67.55000305175781,0,VITAL
2025-05-22,70.0,70.0,68.25,68.25,3600,VITAL
2025-05-23,68.19999694824219,68.19999694824219,68.19999694824219,68.19999694824219,1200,VITAL
2025-05-26,66.0,66.5,66.0,66.19999694824219,3600,VITAL
2025-05-27,66.19999694824219,66.19999694824219,66.19999694824219,66.19999694824219,0,VITAL
2025-05-28,69.94999694824219,70.0,69.0,69.0,12000,VITAL
2025-05-29,69.05000305175781,69.05000305175781,69.0,69.0,2400,VITAL
2025-05-30,69.0,69.0,69.0,69.0,3600,VITAL
2025-06-02,69.0,69.0,67.0,67.0999984741211,6000,VITAL
2025-06-03,67.4000015258789,70.0,67.0999984741211,70.0,8400,VITAL
2025-06-04,66.25,66.94999694824219,63.0,65.30000305175781,19200,VITAL
2025-06-05,65.30000305175781,65.30000305175781,65.30000305175781,65.30000305175781,0,VITAL
2025-06-06,63.599998474121094,66.0,63.599998474121094,65.0,8400,VITAL
2025-06-09,65.80000305175781,68.25,65.05000305175781,68.25,10800,VITAL
2025-06-10,69.5,71.6500015258789,68.05000305175781,71.0,10800,VITAL
2025-06-11,71.0999984741211,71.0999984741211,69.0,69.0,3600,VITAL
2025-06-12,69.0,70.44999694824219,69.0,69.0,3600,VITAL
2025-06-13,70.5,70.5,69.0,69.0,2400,VITAL
2025-06-16,66.25,68.0,66.25,68.0,4800,VITAL
2025-06-17,67.94999694824219,67.94999694824219,67.94999694824219,67.94999694824219,2400,VITAL
2025-06-18,69.5,69.5,67.94999694824219,67.94999694824219,2400,VITAL
2025-06-19,67.5,67.5,64.55000305175781,64.75,31200,VITAL
2025-06-20,64.80000305175781,65.94999694824219,64.80000305175781,65.0,3600,VITAL
2025-06-23,65.0,65.0,62.04999923706055,62.849998474121094,6000,VITAL
2025-06-24,63.0,63.5,63.0,63.5,12000,VITAL
2025-06-25,61.0,66.0,61.0,66.0,6000,VITAL
2025-06-26,63.54999923706055,64.94999694824219,63.5,64.94999694824219,10800,VITAL
2025-06-27,64.0,64.0,63.04999923706055,63.04999923706055,2400,VITAL
2025-06-30,63.04999923706055,63.04999923706055,62.20000076293945,62.79999923706055,3600,VITAL
2025-07-01,64.94999694824219,64.94999694824219,64.69999694824219,64.80000305175781,2400,VITAL
2025-07-02,63.5,63.5,63.5,63.5,3600,VITAL
2025-07-03,63.0,63.29999923706055,63.0,63.150001525878906,3600,VITAL
2025-07-04,63.29999923706055,63.29999923706055,63.29999923706055,63.29999923706055,1200,VITAL
2025-07-07,63.79999923706055,63.79999923706055,63.5,63.5,6000,VITAL
2025-07-08,63.900001525878906,63.95000076293945,61.5,62.150001525878906,8400,VITAL
2025-07-09,61.75,63.75,61.75,63.45000076293945,6000,VITAL
2025-07-10,63.45000076293945,63.45000076293945,62.25,62.25,3600,VITAL
2025-07-11,62.45000076293945,62.45000076293945,59.150001525878906,59.150001525878906,10800,VITAL
2025-07-14,62.0,62.0,59.0,60.849998474121094,16800,VITAL
2025-07-15,60.20000076293945,60.75,59.0,59.349998474121094,13200,VITAL
2025-07-16,59.349998474121094,59.95000076293945,58.0,58.04999923706055,40800,VITAL
2025-07-17,59.45000076293945,59.45000076293945,58.04999923706055,58.29999923706055,9600,VITAL
2025-07-18,58.79999923706055,58.79999923706055,58.79999923706055,58.79999923706055,1200,VITAL
2025-07-21,58.79999923706055,58.79999923706055,58.79999923706055,58.79999923706055,0,VITAL
2025-07-22,58.79999923706055,58.79999923706055,57.0,57.0,18000,VITAL
2025-07-23,57.25,57.95000076293945,56.04999923706055,56.599998474121094,14400,VITAL
2025-07-24,57.0,57.75,55.0,56.0,8400,VITAL
2025-07-25,57.29999923706055,57.400001525878906,56.099998474121094,56.150001525878906,7200,VITAL
2025-07-28,58.599998474121094,58.599998474121094,55.099998474121094,57.099998474121094,13200,VITAL
2025-07-29,55.54999923706055,56.0,54.29999923706055,56.0,7200,VITAL
2025-07-30,56.5,57.150001525878906,56.5,57.0,4800,VITAL
2025-07-31,55.0,56.70000076293945,54.54999923706055,54.900001525878906,14400,VITAL
2025-08-01,54.95000076293945,54.95000076293945,54.900001525878906,54.900001525878906,4800,VITAL
2025-08-04,54.900001525878906,55.900001525878906,54.900001525878906,55.150001525878906,6000,VITAL
2025-08-05,56.45000076293945,56.5,53.45000076293945,56.0,30000,VITAL
2025-08-06,54.04999923706055,54.04999923706055,54.04999923706055,54.04999923706055,3600,VITAL
2025-08-07,54.04999923706055,54.04999923706055,54.0,54.0,3600,VITAL
2025-08-08,52.150001525878906,52.150001525878906,52.150001525878906,52.150001525878906,1200,VITAL
2025-08-11,53.0,53.0,52.70000076293945,53.0,7200,VITAL
2025-08-12,51.150001525878906,54.95000076293945,51.099998474121094,53.0,6000,VITAL
2025-08-13,53.0,53.0,53.0,53.0,0,VITAL
2025-08-14,52.0,55.650001525878906,51.650001525878906,55.650001525878906,12000,VITAL
2025-08-18,57.45000076293945,58.400001525878906,57.45000076293945,58.400001525878906,18000,VITAL
2025-08-19,60.0,60.0,57.5,57.5,8400,VITAL
2025-08-20,59.75,60.349998474121094,57.54999923706055,59.95000076293945,34800,VITAL
2025-08-21,62.5,62.5,59.0,59.0,4800,VITAL
2025-08-22,57.29999923706055,57.29999923706055,57.099998474121094,57.099998474121094,3600,VITAL
2025-08-25,57.099998474121094,57.099998474121094,54.25,56.0,32400,VITAL
2025-08-26,56.0,58.0,55.0,55.04999923706055,4800,VITAL
2025-08-28,57.0,57.0,55.04999923706055,55.04999923706055,10800,VITAL
2025-08-29,55.5,57.5,55.5,57.5,2400,VITAL
2025-09-01,55.25,57.75,55.25,57.099998474121094,4800,VITAL
2025-09-02,59.0,59.0,59.0,59.0,4800,VITAL
2025-09-03,59.0,59.0,56.54999923706055,57.0,16800,VITAL
2025-09-04,56.900001525878906,58.5,56.900001525878906,56.900001525878906,7200,VITAL
2025-09-05,57.900001525878906,57.900001525878906,55.70000076293945,55.70000076293945,9600,VITAL
2025-09-08,54.54999923706055,55.650001525878906,54.54999923706055,55.650001525878906,2400,VITAL
2025-09-09,55.20000076293945,55.20000076293945,54.650001525878906,55.0,3600,VITAL
2025-09-10,55.5,57.75,55.5,57.75,18000,VITAL
2025-09-11,58.0,59.0,58.0,58.900001525878906,4800,VITAL
2025-09-12,61.79999923706055,61.79999923706055,59.20000076293945,61.599998474121094,30000,VITAL
2025-09-15,61.599998474121094,61.599998474121094,61.599998474121094,61.599998474121094,0,VITAL
2025-09-16,62.0,64.0,60.0,60.0,15600,VITAL
2025-09-17,58.099998474121094,59.5,58.099998474121094,59.5,6000,VITAL
2025-09-18,58.099998474121094,58.099998474121094,57.25,57.5,14400,VITAL
2025-09-19,58.75,58.75,56.5,56.5,9600,VITAL
2025-09-22,55.5,57.45000076293945,55.0,57.45000076293945,6000,VITAL
2025-09-23,54.79999923706055,54.849998474121094,54.79999923706055,54.849998474121094,2400,VITAL
2025-09-24,55.0,55.0,55.0,55.0,12000,VITAL
2025-09-25,55.75,56.95000076293945,55.75,56.95000076293945,8400,VITAL
2025-09-26,56.95000076293945,56.95000076293945,56.95000076293945,56.95000076293945,0,VITAL
2025-09-29,56.95000076293945,58.400001525878906,56.95000076293945,58.400001525878906,7200,VITAL
2025-09-30,59.599998474121094,60.5,59.0,60.0,16800,VITAL
2025-10-01,61.5,61.5,59.5,59.5,3600,VITAL
2025-10-03,59.599998474121094,60.0,59.0,59.0,7200,VITAL
2025-10-06,60.0,60.900001525878906,59.25,59.349998474121094,10800,VITAL
2025-10-07,61.0,62.0,61.0,61.95000076293945,16800,VITAL
2025-10-08,61.95000076293945,61.95000076293945,61.95000076293945,61.95000076293945,0,VITAL
2025-10-09,61.900001525878906,61.95000076293945,58.849998474121094,60.0,16800,VITAL
2025-10-10,58.25,58.25,58.20000076293945,58.25,4800,VITAL
2025-10-13,58.25,58.25,58.25,58.25,1200,VITAL
2025-10-14,56.099998474121094,58.0,56.099998474121094,58.0,2400,VITAL
2025-10-15,57.04999923706055,59.79999923706055,57.0,59.79999923706055,22800,VITAL
2025-10-16,59.75,59.75,59.650001525878906,59.650001525878906,2400,VITAL
2025-10-17,60.849998474121094,60.849998474121094,60.0,60.150001525878906,4800,VITAL
2025-10-20,60.599998474121094,61.70000076293945,58.900001525878906,58.900001525878906,7200,VITAL
2025-10-21,59.0,61.0,59.0,61.0,3600,VITAL
2025-10-23,59.0,59.0,58.20000076293945,58.20000076293945,3600,VITAL
2025-10-24,55.79999923706055,57.70000076293945,55.5,57.70000076293945,6000,VITAL
2025-10-27,55.650001525878906,56.70000076293945,54.849998474121094,55.20000076293945,25200,VITAL
2025-10-28,56.900001525878906,57.95000076293945,56.79999923706055,57.95000076293945,19200,VITAL
2025-10-29,59.70000076293945,60.79999923706055,59.70000076293945,60.75,13200,VITAL
2025-10-30,58.5,58.5,58.5,58.5,1200,VITAL
2025-10-31,61.0,61.400001525878906,61.0,61.25,7200,VITAL
2025-11-03,61.400001525878906,64.30000305175781,61.400001525878906,64.30000305175781,27600,VITAL
2025-11-04,65.5999984741211,65.5999984741211,65.25,65.5,6000,VITAL
2025-11-06,65.5,65.5,65.5,65.5,0,VITAL
2025-11-07,64.0,64.0,62.25,62.25,4800,VITAL
2025-11-10,60.20000076293945,60.20000076293945,60.20000076293945,60.20000076293945,1200,VITAL
2025-11-11,63.20000076293945,63.20000076293945,59.0,59.0,8400,VITAL
2025-11-12,57.150001525878906,61.900001525878906,57.0,57.79999923706055,12000,VITAL
2025-11-13,58.0,58.0,58.0,58.0,2400,VITAL
2025-11-14,58.0,60.0,57.0,60.0,8400,VITAL
2025-11-17,62.0,62.0,58.04999923706055,58.04999923706055,2400,VITAL
2025-11-18,58.29999923706055,58.29999923706055,58.25,58.25,6000,VITAL
2025-11-19,57.099998474121094,58.099998474121094,57.099998474121094,58.099998474121094,3600,VITAL
2025-11-20,58.099998474121094,58.099998474121094,58.0,58.099998474121094,3600,VITAL
2025-11-21,58.099998474121094,58.099998474121094,58.099998474121094,58.099998474121094,0,VITAL
2025-11-24,57.0,57.0,55.20000076293945,55.20000076293945,3600,VITAL
2025-11-25,55.20000076293945,55.20000076293945,54.04999923706055,54.04999923706055,2400,VITAL
2025-11-26,53.5,56.75,53.5,56.75,6000,VITAL
2025-11-27,56.75,56.75,54.54999923706055,56.0,9600,VITAL
2025-11-28,57.0,57.0,53.20000076293945,55.0,12000,VITAL
2025-12-01,56.95000076293945,56.95000076293945,54.20000076293945,54.20000076293945,4800,VITAL
2025-12-02,55.099998474121094,56.79999923706055,55.099998474121094,56.79999923706055,7200,VITAL
2025-12-03,59.400001525878906,59.400001525878906,57.5,57.5,8400,VITAL
2025-12-04,57.5,57.5,57.5,57.5,0,VITAL
2025-12-05,57.29999923706055,60.25,57.29999923706055,60.20000076293945,21600,VITAL
2025-12-08,60.20000076293945,61.0,57.20000076293945,57.20000076293945,7200,VITAL
2025-12-09,57.20000076293945,57.20000076293945,57.20000076293945,57.20000076293945,1200,VITAL
2025-12-10,56.0,57.20000076293945,56.0,57.20000076293945,15600,VITAL
2025-12-11,55.099998474121094,56.900001525878906,54.349998474121094,56.900001525878906,9600,VITAL
2025-12-12,56.900001525878906,56.900001525878906,56.900001525878906,56.900001525878906,0,VITAL
2025-12-15,56.0,56.0,54.5,55.29999923706055,14400,VITAL
2025-12-16,55.0,56.0,55.0,56.0,2400,VITAL
2025-12-17,55.0,56.54999923706055,53.849998474121094,55.29999923706055,6000,VITAL
2025-12-18,54.0,58.04999923706055,54.0,58.04999923706055,10800,VITAL
2025-12-19,59.900001525878906,59.900001525878906,57.150001525878906,57.20000076293945,7200,VITAL
2025-12-22,57.20000076293945,57.20000076293945,57.20000076293945,57.20000076293945,0,VITAL
2025-12-23,57.20000076293945,57.20000076293945,57.20000076293945,57.20000076293945,0,VITAL
2025-12-24,57.20000076293945,57.20000076293945,55.20000076293945,55.20000076293945,6000,VITAL
2025-12-26,56.79999923706055,57.0,56.54999923706055,56.54999923706055,8400,VITAL
2025-12-29,56.54999923706055,56.54999923706055,53.79999923706055,56.5,18000,VITAL
2025-12-30,56.099998474121094,57.45000076293945,56.099998474121094,57.0,4800,VITAL
2025-12-31,57.25,59.0,57.25,58.79999923706055,4800,VITAL
2026-01-01,58.79999923706055,58.79999923706055,58.79999923706055,58.79999923706055,0,VITAL
2026-01-02,56.54999923706055,58.0,56.54999923706055,56.650001525878906,6000,VITAL
2026-01-05,56.650001525878906,58.20000076293945,56.650001525878906,57.79999923706055,4800,VITAL
2026-01-06,58.75,58.75,55.099998474121094,55.099998474121094,6000,VITAL
2026-01-07,55.5,56.0,54.79999923706055,56.0,8400,VITAL
2026-01-08,56.0,56.0,56.0,56.0,0,VITAL
2026-01-09,57.0,57.0,57.0,57.0,8400,VITAL
2026-01-12,56.0,56.0,55.400001525878906,55.400001525878906,3600,VITAL
2026-01-13,54.29999923706055,54.5,54.29999923706055,54.400001525878906,2400,VITAL
2026-01-14,56.5,56.5,53.5,55.400001525878906,10800,VITAL
2026-01-16,57.5,57.5,55.900001525878906,55.900001525878906,3600,VITAL
2026-01-19,54.0,55.0,53.650001525878906,54.5,4800,VITAL
2026-01-20,54.0,54.0,51.849998474121094,51.849998474121094,6000,VITAL
2026-01-21,54.150001525878906,54.349998474121094,54.150001525878906,54.20000076293945,4800,VITAL
2026-01-22,54.20000076293945,54.20000076293945,54.20000076293945,54.20000076293945,0,VITAL
2026-01-23,53.099998474121094,53.099998474121094,51.5,52.0,9600,VITAL
2026-01-27,52.04999923706055,52.25,52.0,52.0,4800,VITAL
2026-01-28,52.0,54.54999923706055,52.0,54.54999923706055,7200,VITAL
2026-01-29,54.54999923706055,54.54999923706055,52.0,52.900001525878906,18000,VITAL
2026-01-30,52.900001525878906,52.900001525878906,52.900001525878906,52.900001525878906,0,VITAL
2026-02-02,51.900001525878906,51.900001525878906,50.599998474121094,51.0,18000,VITAL
2026-02-03,51.45000076293945,51.45000076293945,50.95000076293945,51.0,9600,VITAL
2026-02-04,51.04999923706055,51.04999923706055,51.0,51.0,3600,VITAL
2026-02-05,51.0,51.0,50.599998474121094,50.599998474121094,2400,VITAL
2026-02-06,51.099998474121094,51.54999923706055,51.099998474121094,51.54999923706055,2400,VITAL
2026-02-09,51.54999923706055,52.0,50.79999923706055,52.0,7200,VITAL
2026-02-10,52.45000076293945,53.0,52.0,53.0,9600,VITAL
2026-02-11,53.0,53.0,52.0,52.0,4800,VITAL
2026-02-12,52.5,53.349998474121094,52.5,53.349998474121094,7200,VITAL
2026-02-13,52.95000076293945,53.04999923706055,52.95000076293945,53.04999923706055,4800,VITAL
2026-02-16,51.04999923706055,51.150001525878906,51.04999923706055,51.099998474121094,4800,VITAL
2026-02-17,50.20000076293945,50.25,50.20000076293945,50.25,3600,VITAL
2026-02-18,50.0,51.0,50.0,51.0,2400,VITAL
2026-02-19,51.849998474121094,53.400001525878906,50.099998474121094,53.400001525878906,12000,VITAL
2026-02-20,51.349998474121094,51.349998474121094,51.349998474121094,51.349998474121094,2400,VITAL
2026-02-23,51.599998474121094,52.29999923706055,51.599998474121094,52.29999923706055,10800,VITAL
2026-02-24,52.099998474121094,52.099998474121094,51.099998474121094,51.099998474121094,3600,VITAL
2026-02-25,51.099998474121094,51.099998474121094,50.400001525878906,50.400001525878906,4800,VITAL
2026-02-26,50.29999923706055,52.900001525878906,50.29999923706055,51.04999923706055,22800,VITAL
2026-02-27,51.0,51.0,50.29999923706055,50.349998474121094,6000,VITAL
2026-03-02,50.349998474121094,50.349998474121094,50.349998474121094,50.349998474121094,0,VITAL
2026-03-04,48.04999923706055,49.0,47.849998474121094,48.5,19200,VITAL
2026-03-05,48.0,48.0,48.0,48.0,9600,VITAL
2026-03-06,48.099998474121094,48.099998474121094,45.599998474121094,45.599998474121094,13200,VITAL
2026-03-09,45.599998474121094,45.599998474121094,45.599998474121094,45.599998474121094,0,VITAL
2026-03-10,45.25,47.849998474121094,43.349998474121094,43.349998474121094,84000,VITAL
2026-03-11,41.29999923706055,44.5,41.20000076293945,41.5,49574,VITAL
2026-03-12,41.5,41.54999923706055,39.45000076293945,39.900001525878906,31393,VITAL
2026-03-13,40.95000076293945,41.0,38.599998474121094,39.29999923706055,12929,VITAL
2026-03-16,38.900001525878906,38.900001525878906,37.349998474121094,37.599998474121094,6777,VITAL
2026-03-17,37.5,39.45000076293945,37.349998474121094,39.45000076293945,9351,VITAL
2026-03-18,40.75,40.849998474121094,39.0,40.0,14881,VITAL
2026-03-19,38.0,39.70000076293945,38.0,38.70000076293945,11056,VITAL
2026-03-20,38.70000076293945,39.0,36.900001525878906,37.25,4311,VITAL
2026-03-23,39.0,39.0,35.400001525878906,35.400001525878906,35912,VITAL
2026-03-24,35.400001525878906,37.150001525878906,35.400001525878906,37.150001525878906,22289,VITAL
2026-03-25,38.650001525878906,39.0,38.599998474121094,39.0,19608,VITAL
2026-03-27,40.849998474121094,40.95000076293945,40.849998474121094,40.95000076293945,12021,VITAL
2026-03-30,41.95000076293945,42.95000076293945,40.20000076293945,42.95000076293945,52219,VITAL
2026-04-01,45.09000015258789,45.09000015258789,45.09000015258789,45.09000015258789,4299,VITAL
2026-04-02,47.25,47.34000015258789,45.09000015258789,47.34000015258789,12234,VITAL
2026-04-06,49.70000076293945,49.70000076293945,49.70000076293945,49.70000076293945,301,VITAL
2026-04-07,52.18000030517578,52.18000030517578,52.18000030517578,52.18000030517578,3390,VITAL
2026-04-08,54.779998779296875,54.779998779296875,54.779998779296875,54.779998779296875,1900,VITAL
2026-04-09,57.5099983215332,57.5099983215332,52.099998474121094,57.5099983215332,18824,VITAL
2026-04-10,60.380001068115234,60.380001068115234,54.900001525878906,60.380001068115234,26540,VITAL
2026-04-13,62.900001525878906,63.29999923706055,60.0,63.0,15648,VITAL
2026-04-15,65.80000305175781,66.1500015258789,64.98999786376953,66.1500015258789,11753,VITAL
2026-04-16,68.19999694824219,69.4000015258789,63.0,65.12999725341797,41106,VITAL
2026-04-17,65.12999725341797,65.12999725341797,62.099998474121094,65.04000091552734,12213,VITAL
2026-04-20,65.04000091552734,65.04000091552734,62.099998474121094,62.099998474121094,13072,VITAL
2026-04-21,63.0,63.0,62.0,62.81999969482422,5775,VITAL
2026-04-22,62.81999969482422,65.94999694824219,61.20000076293945,65.77999877929688,14760,VITAL
2026-04-23,65.44999694824219,65.44999694824219,62.52000045776367,63.7400016784668,5930,VITAL
2026-04-24,63.68000030517578,63.68000030517578,61.099998474121094,62.900001525878906,2689,VITAL
2026-04-27,60.099998474121094,64.94999694824219,60.099998474121094,64.9000015258789,5512,VITAL
2026-04-28,62.27000045776367,62.93000030517578,61.65999984741211,62.689998626708984,7341,VITAL
2026-04-29,62.38999938964844,62.38999938964844,60.25,60.29999923706055,6278,VITAL
2026-04-30,60.29999923706055,61.279998779296875,60.290000915527344,60.369998931884766,3262,VITAL
2026-05-04,60.0,61.5,60.0,60.20000076293945,7980,VITAL
2026-05-05,61.38999938964844,63.209999084472656,60.0,60.77000045776367,10535,VITAL
2026-05-06,60.0,60.0,58.150001525878906,60.0,4457,VITAL
2026-05-07,59.70000076293945,61.0,58.20000076293945,60.0,13445,VITAL
2026-05-08,60.0,60.0,59.400001525878906,59.97999954223633,6572,VITAL
2026-05-11,59.9900016784668,60.0,58.119998931884766,59.9900016784668,3052,VITAL
2026-05-12,59.939998626708984,59.939998626708984,59.0,59.0,145,VITAL
2026-05-13,59.0,59.5,56.29999923706055,58.5,4143,VITAL
2026-05-14,59.97999954223633,59.97999954223633,58.11000061035156,58.150001525878906,7930,VITAL
2026-05-15,58.5,59.150001525878906,56.150001525878906,57.59000015258789,2302,VITAL
2026-05-18,57.59000015258789,57.900001525878906,55.279998779296875,57.25,2484,VITAL
2026-05-19,59.5,59.5,55.52000045776367,57.400001525878906,8648,VITAL
2026-05-20,59.9900016784668,59.9900016784668,55.0,58.59000015258789,4571,VITAL
2026-05-21,57.41999816894531,59.70000076293945,57.41999816894531,58.88999938964844,822,VITAL
2026-05-22,58.70000076293945,58.70000076293945,56.0,56.040000915527344,10894,VITAL
2026-05-25,56.79999923706055,56.79999923706055,54.0,54.52000045776367,8689,VITAL
2026-05-26,55.0,56.36000061035156,54.0,56.36000061035156,4653,VITAL
2026-05-27,56.63999938964844,56.63999938964844,53.54999923706055,54.5,6043,VITAL
2026-05-28,54.5,54.5,54.5,54.5,0,VITAL
2026-05-29,54.869998931884766,54.869998931884766,53.099998474121094,54.70000076293945,1481,VITAL
2026-06-01,52.5,53.900001525878906,51.970001220703125,51.970001220703125,16762,VITAL
2026-06-02,49.869998931884766,51.779998779296875,49.380001068115234,50.029998779296875,2744,VITAL
2026-06-03,50.459999084472656,52.529998779296875,50.459999084472656,52.5,5825,VITAL
2026-06-04,54.9900016784668,55.119998931884766,50.02000045776367,55.119998931884766,3947,VITAL
2026-06-05,56.400001525878906,56.400001525878906,54.900001525878906,56.25,294,VITAL
2026-06-08,56.0,58.400001525878906,54.0,54.9900016784668,4093,VITAL
2026-06-09,57.5,57.5,54.900001525878906,56.099998474121094,659,VITAL
2026-06-10,54.900001525878906,57.900001525878906,53.29999923706055,54.33000183105469,4871,VITAL
2026-06-11,52.0,54.9900016784668,52.0,54.70000076293945,2265,VITAL
2026-06-12,55.9900016784668,55.9900016784668,52.20000076293945,53.9900016784668,2273,VITAL
2026-06-15,54.9900016784668,54.9900016784668,51.5,52.22999954223633,1944,VITAL
2026-06-16,54.0,54.5099983215332,50.150001525878906,53.9900016784668,2442,VITAL
2026-06-17,54.38999938964844,54.38999938964844,52.0,52.4900016784668,16782,VITAL
2026-06-18,52.0,53.880001068115234,52.0,53.81999969482422,1744,VITAL
2026-06-19,54.38999938964844,54.38999938964844,53.5,54.38999938964844,2437,VITAL
2026-06-22,57.0,57.0,52.45000076293945,53.04999923706055,18686,VITAL
2026-06-23,55.04999923706055,55.04999923706055,50.54999923706055,51.77000045776367,3469,VITAL
2026-06-24,52.810001373291016,52.849998474121094,50.400001525878906,52.63999938964844,1066,VITAL
2026-06-25,51.5,54.900001525878906,51.5,53.349998474121094,1986,VITAL
2026-06-26,53.349998474121094,53.349998474121094,53.349998474121094,53.349998474121094,0,VITAL
2026-06-29,54.47999954223633,54.47999954223633,50.75,52.79999923706055,1439,VITAL
2026-06-30,51.779998779296875,51.9900016784668,51.779998779296875,51.86000061035156,300,VITAL
2026-07-01,53.97999954223633,53.97999954223633,49.27000045776367,49.47999954223633,8316,VITAL
2026-07-02,49.27000045776367,49.27000045776367,47.0099983215332,47.20000076293945,5610,VITAL
2026-07-03,47.20000076293945,49.369998931884766,47.20000076293945,47.68000030517578,3954,VITAL
2026-07-06,47.90999984741211,50.060001373291016,47.90999984741211,50.060001373291016,4343,VITAL
2026-07-07,52.349998474121094,52.560001373291016,52.349998474121094,52.560001373291016,2944,VITAL
2026-07-08,55.18000030517578,55.18000030517578,54.0,54.0,7476,VITAL
2026-07-09,56.70000076293945,56.70000076293945,56.0,56.0,3665,VITAL
2026-07-10,58.790000915527344,58.790000915527344,53.20000076293945,55.0,3983,VITAL
2026-07-13,53.91999816894531,54.97999954223633,53.91999816894531,53.91999816894531,803,VITAL
2026-07-14,52.849998474121094,52.849998474121094,52.849998474121094,52.849998474121094,50,VITAL
2026-07-15,52.849998474121094,52.849998474121094,52.849998474121094,52.849998474121094,0,VITAL
2026-07-16,51.79999923706055,51.79999923706055,51.79999923706055,51.79999923706055,1431,VITAL
2026-07-17,50.77000045776367,50.77000045776367,50.77000045776367,50.77000045776367,122,VITAL
2026-07-20,49.7599983215332,50.0,49.7599983215332,49.7599983215332,500,VITAL
2026-07-21,48.77000045776367,49.5,48.77000045776367,48.77000045776367,1214,VITAL
2026-07-22,47.79999923706055,47.79999923706055,47.79999923706055,47.79999923706055,274,VITAL
2026-07-23,47.45000076293945,47.5,47.45000076293945,47.45000076293945,1721,VITAL
2026-07-24,46.79999923706055,47.0,46.79999923706055,46.79999923706055,6006,VITAL
2026-07-27,46.0,47.70000076293945,46.0,46.0,2976,VITAL
2026-07-28,46.0,46.0,46.0,46.0,1864,VITAL
2026-07-29,46.0,46.0,46.0,46.0,1700,VITAL
2026-07-30,46.54999923706055,46.849998474121094,46.54999923706055,46.54999923706055,1201,VITAL
2026-07-31,47.47999954223633,47.47999954223633,45.900001525878906,47.47999954223633,187,VITAL
2026-08-03,48.41999816894531,48.41999816894531,47.47999954223633,48.41999816894531,110,VITAL
2026-08-04,49.380001068115234,49.380001068115234,48.65999984741211,49.380001068115234,2200,VITAL
2026-08-05,49.349998474121094,49.349998474121094,48.400001525878906,49.349998474121094,1383,VITAL
2026-08-06,49.5,50.33000183105469,49.5,49.5,1043,VITAL
2026-08-07,50.45000076293945,50.4900016784668,50.29999923706055,50.45000076293945,4573,VITAL
2026-08-10,51.45000076293945,51.45000076293945,51.0,51.45000076293945,9879,VITAL
2026-08-11,52.470001220703125,52.470001220703125,52.209999084472656,52.470001220703125,12471,VITAL
2026-08-12,52.5,52.5,52.470001220703125,52.5,1552,VITAL
2026-08-13,53.54999923706055,53.54999923706055,52.5,53.54999923706055,9011,VITAL
2026-08-14,54.5,54.599998474121094,54.5,54.5,6000,VITAL
2026-08-17,57.189998626708984,57.189998626708984,51.779998779296875,54.0,15077,VITAL
2026-08-18,52.150001525878906,53.47999954223633,51.29999923706055,51.33000183105469,13481,VITAL
2026-08-19,51.33000183105469,52.380001068115234,48.810001373291016,50.029998779296875,4748,VITAL
2026-08-20,50.029998779296875,52.52000045776367,48.099998474121094,52.33000183105469,10423,VITAL
2026-08-21,52.4900016784668,54.900001525878906,50.40999984741211,51.220001220703125,28110,VITAL
2026-08-24,53.400001525878906,53.779998779296875,49.150001525878906,53.779998779296875,11877,VITAL
2026-08-25,56.45000076293945,56.45000076293945,51.54999923706055,52.31999969482422,2605,VITAL
2026-08-26,54.0,54.93000030517578,50.0,53.9900016784668,4829,VITAL
2026-08-27,51.9900016784668,54.9900016784668,51.52000045776367,54.95000076293945,12102,VITAL
2026-08-28,54.900001525878906,55.9900016784668,53.0,55.47999954223633,3152,VITAL
2026-08-31,55.9900016784668,55.9900016784668,53.02000045776367,53.060001373291016,5676,VITAL
2026-09-01,54.9900016784668,55.0,51.04999923706055,54.75,16548,VITAL
2026-09-02,52.5,54.75,52.5,54.5,206,VITAL
2026-09-03,55.95000076293945,55.95000076293945,51.779998779296875,54.4900016784668,49646,VITAL
2026-09-04,54.0,55.5,53.54999923706055,55.0,12140,VITAL
